id,line,day,arrival,departure,buses,stops,duration,distance,origin,destination,rain
4,821,3,13:38,12:52,1,10,2767,13531,Hadera,Ruppin Academic Center,0
5,910,3,13:12,12:30,1,13,2569,32462,Tel Aviv,Netanya,0
6,852,3,13:17,12:32,1,19,2705,32885,Netanya,Tel Aviv,0
7,825,3,13:23,12:40,1,10,2594,32445,Tel Aviv,Netanya,0
8,650,3,13:16,12:30,1,15,2760,33180,Tel Aviv,Netanya,0
9,821,3,13:16,12:28,1,9,2904,14748,Ruppin Academic Center,Hadera,0
10,921,3,13:28,12:42,1,10,2767,13531,Hadera,Ruppin Academic Center,0
11,826,3,13:19,12:39,1,13,2438,33105,Netanya,Tel Aviv,0
12,852,3,13:17,12:32,1,19,2705,32885,Netanya,Tel Aviv,0
14,821 27 ,3,13:25,12:28,2,15,3427,16162,Ruppin Academic Center,Hadera,0
15,921,3,13:28,12:42,1,10,2767,13531,Hadera,Ruppin Academic Center,0
16,821 68 ,3,13:19,12:28,2,9,3090,13385,Ruppin Academic Center,Hadera,0
17,650,3,14:59,14:17,1,17,2511,32878,Netanya,Tel Aviv,0
18,705 947 ,3,15:03,14:12,2,12,3054,24840,Ruppin Academic Center,Hadera,0
19,921,3,15:05,14:17,1,10,2845,13531,Hadera,Ruppin Academic Center,0
20,705,3,15:20,14:36,1,17,2654,15121,Hadera,Ruppin Academic Center,0
21,729 705 ,3,15:37,14:50,2,14,2813,23878,Hadera,Ruppin Academic Center,0
22,705 825 ,3,14:54,14:12,2,8,2505,22260,Ruppin Academic Center,Hadera,0
24,68 705 ,3,15:24,14:12,2,17,4273,15378,Hadera,Ruppin Academic Center,0
27,821,3,15:17,14:28,1,9,2920,14748,Ruppin Academic Center,Hadera,0
28,825,3,15:05,14:20,1,10,2715,32445,Tel Aviv,Netanya,0
30,49 650 ,3,14:44,14:10,2,8,2092,30717,Tel Aviv,Netanya,0
31,650 33 ,3,14:52,14:17,2,10,2106,28096,Netanya,Tel Aviv,0
32,825 49 ,3,15:00,14:17,2,8,2527,28171,Netanya,Tel Aviv,0
35,8 921 ,3,16:03,15:04,2,19,3496,15835,Hadera,Ruppin Academic Center,0
38,947 705 ,3,16:29,15:30,2,12,3567,24054,Hadera,Ruppin Academic Center,0
39,852,3,16:13,15:15,1,17,3505,32451,Tel Aviv,Netanya,0
40,650 253 ,3,15:50,15:17,2,8,1988,29079,Netanya,Tel Aviv,0
41,921,3,16:03,15:15,1,10,2843,13531,Hadera,Ruppin Academic Center,0
42,921,3,16:03,15:17,1,10,2813,13531,Hadera,Ruppin Academic Center,0
45,705 68 ,3,16:04,15:14,2,16,3033,15416,Ruppin Academic Center,Hadera,0
46,821,3,16:19,15:28,1,9,3042,14748,Ruppin Academic Center,Hadera,0
47,825,3,15:49,15:09,1,12,2357,32138,Netanya,Tel Aviv,0
48,705 729 ,3,16:12,15:14,2,25,3496,19533,Ruppin Academic Center,Hadera,0
50,650,3,17:18,16:35,1,17,2612,32878,Netanya,Tel Aviv,0
51,650 253 ,3,17:05,16:35,2,8,1833,29073,Netanya,Tel Aviv,0
52,821 74 ,3,17:24,16:38,2,9,2795,13385,Ruppin Academic Center,Hadera,0
56,8 852 ,3,17:18,16:35,2,12,2582,26978,Tel Aviv,Netanya,0
57,821,3,17:29,16:38,1,9,3067,14748,Ruppin Academic Center,Hadera,0
58,921 68 ,3,17:34,16:47,2,9,2836,13136,Ruppin Academic Center,Hadera,0
59,51 821 ,3,17:38,16:37,2,11,3657,13511,Hadera,Ruppin Academic Center,0
60,821,3,17:38,16:50,1,10,2917,13531,Hadera,Ruppin Academic Center,0
61,921 49 ,3,17:42,16:47,2,9,3283,13286,Ruppin Academic Center,Hadera,0
62,274 852 ,3,17:18,16:35,2,14,2582,27250,Tel Aviv,Netanya,0
64,821,3,17:38,16:50,1,10,2917,13531,Hadera,Ruppin Academic Center,0
65,921,3,18:25,17:36,1,10,2919,13531,Hadera,Ruppin Academic Center,0
66,821,3,18:41,17:52,1,10,2918,13531,Hadera,Ruppin Academic Center,0
67,921,3,18:25,17:36,1,10,2919,13531,Hadera,Ruppin Academic Center,0
69,821,3,18:34,17:42,1,9,3101,14748,Ruppin Academic Center,Hadera,0
70,825,3,18:28,17:45,1,12,2587,32138,Netanya,Tel Aviv,0
72,825 49 ,3,18:20,17:45,2,8,2092,28171,Netanya,Tel Aviv,0
73,821 68 ,3,18:34,17:42,2,9,3138,13385,Ruppin Academic Center,Hadera,0
76,821,3,18:44,17:55,1,10,2916,13531,Hadera,Ruppin Academic Center,0
77,55 821 ,3,18:44,17:52,2,17,3125,15326,Hadera,Ruppin Academic Center,0
78,729 26 ,3,19:38,18:30,2,26,4073,29466,Hadera,Ruppin Academic Center,0
79,852,3,18:40,17:45,1,17,3314,32451,Tel Aviv,Netanya,0
82,821 7 ,3,18:43,17:42,2,16,3633,15376,Ruppin Academic Center,Hadera,0
83,921 26 ,3,18:45,17:56,2,11,2916,13533,Hadera,Ruppin Academic Center,0
84,8 825 ,3,18:26,17:45,2,8,2495,26972,Tel Aviv,Netanya,0
86,852,3,19:33,18:45,1,17,2906,32451,Tel Aviv,Netanya,0
88,921 26 ,3,19:40,18:59,2,11,2439,13533,Hadera,Ruppin Academic Center,0
89,650,3,19:47,19:00,1,15,2877,33180,Tel Aviv,Netanya,0
90,57 26 ,3,19:40,18:59,2,11,2484,13524,Hadera,Ruppin Academic Center,0
92,57 49 ,3,19:42,18:47,2,10,3319,14336,Ruppin Academic Center,Hadera,0
93,650,3,19:28,18:44,1,17,2644,32878,Netanya,Tel Aviv,0
95,57 55 ,3,19:44,18:47,2,11,3469,15096,Ruppin Academic Center,Hadera,0
97,821,3,19:40,18:53,1,10,2823,13531,Hadera,Ruppin Academic Center,0
98,57 79 ,3,19:34,18:47,2,9,2872,13385,Ruppin Academic Center,Hadera,0
99,852 49 ,3,19:30,18:48,2,12,2484,28192,Netanya,Tel Aviv,0
101,57 852 ,3,20:48,19:43,2,16,3878,17214,Ruppin Academic Center,Hadera,0
103,852,3,20:29,19:45,1,17,2646,32451,Tel Aviv,Netanya,0
104,57 79 ,3,20:34,19:43,2,9,3058,13385,Ruppin Academic Center,Hadera,0
105,650,3,20:43,20:00,1,15,2615,33180,Tel Aviv,Netanya,0
106,274 852 ,3,20:30,19:50,2,14,2450,27250,Tel Aviv,Netanya,0
107,840,3,20:42,20:00,1,11,2579,32445,Tel Aviv,Netanya,0
108,821,3,20:38,19:52,1,10,2780,13531,Hadera,Ruppin Academic Center,0
109,921,3,20:42,19:56,1,10,2780,13531,Hadera,Ruppin Academic Center,0
110,921,3,20:42,19:56,1,10,2780,13531,Hadera,Ruppin Academic Center,0
111,921,3,20:58,20:12,1,10,2759,13531,Hadera,Ruppin Academic Center,0
113,57 68 ,3,20:49,19:55,2,9,3278,13385,Ruppin Academic Center,Hadera,0
114,825,3,20:40,19:59,1,12,2480,32138,Netanya,Tel Aviv,0
115,852,3,20:53,20:06,1,19,2789,32885,Netanya,Tel Aviv,0
118,650,3,21:42,21:00,1,15,2547,33180,Tel Aviv,Netanya,0
119,921 46 ,3,21:56,21:11,2,9,2702,13434,Ruppin Academic Center,Hadera,0
120,605 910 ,3,21:38,20:45,2,14,3184,33189,Tel Aviv,Netanya,0
121,57 7 ,3,21:44,20:57,2,9,2817,13532,Ruppin Academic Center,Hadera,0
122,852,3,21:27,20:45,1,17,2560,32451,Tel Aviv,Netanya,0
124,57,3,21:31,20:46,1,11,2744,13407,Hadera,Ruppin Academic Center,0
125,910,3,21:42,21:02,1,14,2389,33129,Netanya,Tel Aviv,0
126,921,3,21:46,21:00,1,10,2753,13531,Hadera,Ruppin Academic Center,0
127,921,3,21:46,21:00,1,10,2753,13531,Hadera,Ruppin Academic Center,0
128,729 46 ,3,22:04,20:50,2,14,4435,25178,Hadera,Ruppin Academic Center,0
129,57 729 ,3,21:51,20:57,2,18,3265,17502,Ruppin Academic Center,Hadera,0
130,852,3,21:55,21:11,1,19,2632,32885,Netanya,Tel Aviv,0
131,852,3,21:55,21:11,1,19,2632,32885,Netanya,Tel Aviv,0
132,910,3,21:42,21:02,1,14,2389,33129,Netanya,Tel Aviv,0
134,921 74 ,3,22:34,21:53,2,9,2478,13136,Ruppin Academic Center,Hadera,0
135,821,3,22:55,22:08,1,9,2812,14748,Ruppin Academic Center,Hadera,0
136,825,3,22:24,21:46,1,12,2271,32138,Netanya,Tel Aviv,0
137,921 68 ,3,22:43,21:53,2,17,3017,16818,Ruppin Academic Center,Hadera,0
138,825 8 ,3,22:20,21:46,2,10,2061,27569,Netanya,Tel Aviv,0
139,274 852 ,3,22:30,21:50,2,14,2418,27250,Tel Aviv,Netanya,0
140,852,3,22:28,21:45,1,17,2601,32451,Tel Aviv,Netanya,0
141,910,3,22:40,22:02,1,14,2270,33129,Netanya,Tel Aviv,0
143,601 910 ,3,22:35,21:45,2,21,3027,33212,Tel Aviv,Netanya,0
144,57,3,22:29,21:44,1,11,2715,13407,Hadera,Ruppin Academic Center,0
145,910 33 821 ,3,22:52,21:50,3,8,3728,22893,Hadera,Ruppin Academic Center,0
146,910,3,22:40,22:02,1,14,2270,33129,Netanya,Tel Aviv,0
147,57,3,23:09,22:24,1,11,2717,13407,Hadera,Ruppin Academic Center,0
148,921,3,22:32,21:47,1,10,2725,13531,Hadera,Ruppin Academic Center,0
150,826 49 ,4,9:40,9:05,2,9,2099,28060,Netanya,Tel Aviv,0
151,705 729 ,4,10:12,9:14,2,25,3480,18859,Ruppin Academic Center,Hadera,0
153,705 22 ,4,10:05,9:14,2,17,3044,15329,Ruppin Academic Center,Hadera,0
154,57 7 ,4,9:54,9:05,2,9,2983,13280,Ruppin Academic Center,Hadera,0
155,826,4,9:44,9:05,1,13,2384,32271,Netanya,Tel Aviv,0
156,921,4,10:02,9:12,1,10,2979,13365,Hadera,Ruppin Academic Center,0
157,821,4,9:57,9:07,1,10,2980,13365,Hadera,Ruppin Academic Center,0
158,921,4,10:02,9:12,1,10,2979,13365,Hadera,Ruppin Academic Center,0
159,57,4,10:06,9:19,1,11,2817,13242,Hadera,Ruppin Academic Center,0
160,705 79 ,4,9:59,9:14,2,16,2733,15200,Ruppin Academic Center,Hadera,0
162,910,4,9:57,9:15,1,13,2541,32811,Tel Aviv,Netanya,0
163,11 825 ,4,9:43,9:05,2,8,2317,27102,Tel Aviv,Netanya,0
165,825,4,10:47,10:05,1,12,2483,32270,Netanya,Tel Aviv,0
167,825 49 ,4,10:40,10:05,2,8,2055,28059,Netanya,Tel Aviv,0
168,8 825 ,4,10:40,10:04,2,8,2183,26977,Tel Aviv,Netanya,0
169,650 253 ,4,10:50,10:16,2,8,2071,29150,Netanya,Tel Aviv,0
171,501 852 ,4,10:56,10:05,2,16,3119,32668,Tel Aviv,Netanya,0
172,705 74 ,4,10:49,10:06,2,16,2579,15200,Ruppin Academic Center,Hadera,0
173,705 7 ,4,10:55,10:06,2,23,2905,17031,Ruppin Academic Center,Hadera,0
174,705 706 ,4,11:02,10:06,2,25,3321,18872,Ruppin Academic Center,Hadera,0
176,821,4,11:02,10:14,1,10,2879,13365,Hadera,Ruppin Academic Center,0
177,852,4,10:56,10:10,1,17,2765,32804,Tel Aviv,Netanya,0
178,921,4,11:02,10:14,1,10,2880,13365,Hadera,Ruppin Academic Center,0
179,821,4,11:02,10:14,1,10,2879,13365,Hadera,Ruppin Academic Center,0
180,921,4,11:02,10:14,1,10,2880,13365,Hadera,Ruppin Academic Center,0
182,825 253 ,4,11:46,11:11,2,12,2133,29163,Netanya,Tel Aviv,0
183,825 635 ,4,11:58,11:11,2,12,2822,32112,Netanya,Tel Aviv,0
185,825,4,11:49,11:11,1,12,2330,32270,Netanya,Tel Aviv,0
186,605,4,12:11,11:10,1,27,3693,33277,Tel Aviv,Netanya,0
187,825,4,12:02,11:20,1,10,2539,32789,Tel Aviv,Netanya,0
188,921 79 ,4,11:59,11:18,2,9,2504,13287,Ruppin Academic Center,Hadera,0
190,921,4,12:00,11:12,1,10,2880,13365,Hadera,Ruppin Academic Center,0
192,650,4,12:15,11:30,1,15,2756,32661,Tel Aviv,Netanya,0
193,921,4,12:13,11:27,1,10,2784,13365,Hadera,Ruppin Academic Center,0
194,921 74 ,4,12:04,11:18,2,9,2804,13287,Ruppin Academic Center,Hadera,0
195,821,4,12:17,11:28,1,9,2919,14258,Ruppin Academic Center,Hadera,0
196,921,4,12:00,11:12,1,10,2880,13365,Hadera,Ruppin Academic Center,0
198,605,4,13:12,12:10,1,27,3740,33277,Tel Aviv,Netanya,0
199,729 26 ,4,13:38,12:10,2,25,5273,29275,Hadera,Ruppin Academic Center,0
200,501 852 ,4,13:08,12:15,2,16,3190,32668,Tel Aviv,Netanya,0
201,821,4,12:54,12:05,1,10,2917,13365,Hadera,Ruppin Academic Center,0
202,825,4,13:03,12:20,1,10,2613,32789,Tel Aviv,Netanya,0
203,826,4,12:49,12:09,1,13,2438,32269,Netanya,Tel Aviv,0
204,826,4,12:51,12:12,1,13,2343,32269,Netanya,Tel Aviv,0
205,921 22 ,4,13:05,12:19,2,10,2726,13416,Ruppin Academic Center,Hadera,0
207,705 79 ,4,12:59,12:05,2,15,3240,15189,Ruppin Academic Center,Hadera,0
208,921,4,13:01,12:12,1,10,2916,13365,Hadera,Ruppin Academic Center,0
209,821,4,12:54,12:05,1,10,2917,13365,Hadera,Ruppin Academic Center,0
210,910,4,12:49,12:09,1,14,2420,32276,Netanya,Tel Aviv,0
211,821,4,13:17,12:28,1,9,2947,14258,Ruppin Academic Center,Hadera,0
212,910,4,12:49,12:09,1,14,2420,32276,Netanya,Tel Aviv,0
213,650,4,13:58,13:17,1,17,2466,33058,Netanya,Tel Aviv,0
214,33 825 ,4,14:06,13:18,2,12,2893,28467,Tel Aviv,Netanya,0
216,825,4,14:11,13:31,1,12,2392,32270,Netanya,Tel Aviv,0
217,825,4,14:06,13:20,1,10,2771,32789,Tel Aviv,Netanya,0
218,650 8 ,4,13:52,13:17,2,8,2089,27533,Netanya,Tel Aviv,0
220,921 68 ,4,14:04,13:20,2,9,2674,13287,Ruppin Academic Center,Hadera,0
221,51 921 ,4,14:20,13:32,2,11,2880,14031,Hadera,Ruppin Academic Center,0
222,921 729 ,4,14:15,13:20,2,18,3280,16953,Ruppin Academic Center,Hadera,0
223,821,4,14:19,13:28,1,9,3055,14258,Ruppin Academic Center,Hadera,0
224,921 22 ,4,14:05,13:20,2,10,2712,13416,Ruppin Academic Center,Hadera,0
225,501 852 ,4,14:10,13:15,2,16,3312,32668,Tel Aviv,Netanya,0
226,921,4,14:20,13:30,1,10,2980,13365,Hadera,Ruppin Academic Center,0
227,710 26 ,4,14:51,13:36,2,25,4496,29220,Hadera,Ruppin Academic Center,0
228,921,4,14:24,13:37,1,10,2836,13365,Hadera,Ruppin Academic Center,0
231,852,4,15:51,14:55,1,17,3370,32804,Tel Aviv,Netanya,0
232,705 825 ,4,15:38,14:57,2,8,2506,22144,Ruppin Academic Center,Hadera,0
235,821,4,16:20,15:28,1,9,3117,14258,Ruppin Academic Center,Hadera,0
236,921,4,15:40,14:51,1,10,2956,13365,Hadera,Ruppin Academic Center,0
237,821 26 ,4,15:45,14:57,2,11,2886,13370,Hadera,Ruppin Academic Center,0
238,921,4,16:01,15:12,1,10,2956,13365,Hadera,Ruppin Academic Center,0
239,921,4,16:04,15:17,1,10,2830,13365,Hadera,Ruppin Academic Center,0
242,826 8 ,4,15:29,14:52,2,11,2230,27531,Netanya,Tel Aviv,0
243,825 282 ,4,15:36,14:52,2,15,2649,31325,Netanya,Tel Aviv,0
244,826,4,15:33,14:52,1,13,2457,32269,Netanya,Tel Aviv,0
246,710 26 ,4,19:49,18:41,2,25,4103,29220,Hadera,Ruppin Academic Center,0
248,921 8 ,4,19:09,18:31,2,9,2295,13274,Ruppin Academic Center,Hadera,0
249,921,4,19:12,18:24,1,10,2868,13365,Hadera,Ruppin Academic Center,0
250,51 921 ,4,19:16,18:27,2,11,2976,14031,Hadera,Ruppin Academic Center,0
251,921,4,19:16,18:29,1,10,2868,13365,Hadera,Ruppin Academic Center,0
252,821,4,19:32,18:43,1,9,2923,14258,Ruppin Academic Center,Hadera,0
253,921 852 ,4,19:18,18:31,2,17,2873,16953,Ruppin Academic Center,Hadera,0
254,921 68 ,4,19:19,18:31,2,9,2928,13287,Ruppin Academic Center,Hadera,0
256,825,4,19:25,18:40,1,10,2742,32789,Tel Aviv,Netanya,0
258,825,4,19:18,18:36,1,12,2543,32270,Netanya,Tel Aviv,0
260,852,4,19:18,18:30,1,17,2906,32804,Tel Aviv,Netanya,0
261,921,5,11:20,10:35,1,10,2719,13365,Hadera,Ruppin Academic Center,0
262,825,5,11:01,10:20,1,10,2500,32783,Tel Aviv,Netanya,0
263,910,5,11:03,10:26,1,14,2227,32282,Netanya,Tel Aviv,0
264,26 921 22 ,5,11:21,10:36,3,11,2718,13427,Ruppin Academic Center,Hadera,0
265,821 79 ,5,11:34,10:48,2,9,2790,13294,Ruppin Academic Center,Hadera,0
266,921 13 ,5,11:41,10:54,2,9,2826,13274,Ruppin Academic Center,Hadera,0
267,921,5,11:32,10:47,1,10,2719,13365,Hadera,Ruppin Academic Center,0
268,41 947 ,5,12:12,10:55,2,13,4614,25113,Ruppin Academic Center,Hadera,0
269,821,5,11:35,10:50,1,10,2719,13365,Hadera,Ruppin Academic Center,0
270,821,5,11:35,10:50,1,10,2719,13365,Hadera,Ruppin Academic Center,0
271,821 7 ,5,11:37,10:48,2,14,2972,15093,Ruppin Academic Center,Hadera,0
272,825,5,11:41,11:00,1,10,2513,32783,Tel Aviv,Netanya,0
273,605 852 ,5,11:32,10:45,2,14,2860,32658,Tel Aviv,Netanya,0
274,68 852 ,5,11:37,10:45,2,20,3124,33131,Tel Aviv,Netanya,0
275,910,5,11:32,10:50,1,13,2549,32810,Tel Aviv,Netanya,0
276,910,5,11:22,10:45,1,14,2234,32282,Netanya,Tel Aviv,0
277,910,5,11:22,10:45,1,14,2234,32282,Netanya,Tel Aviv,0
278,852,5,11:30,10:48,1,19,2518,33043,Netanya,Tel Aviv,0
279,57,5,11:31,10:46,1,11,2756,13242,Hadera,Ruppin Academic Center,0
280,825,5,11:20,10:43,1,12,2187,32273,Netanya,Tel Aviv,0
281,26 825 ,5,14:23,13:06,2,19,4603,27944,Ruppin Academic Center,Hadera,0
282,55 921 ,5,13:46,12:57,2,11,2923,14031,Hadera,Ruppin Academic Center,0
283,921,5,13:46,12:59,1,10,2795,13365,Hadera,Ruppin Academic Center,0
284,921 729 ,5,13:38,12:41,2,18,3476,16953,Ruppin Academic Center,Hadera,0
285,921,5,13:27,12:41,1,10,2795,13365,Hadera,Ruppin Academic Center,0
286,921 74 ,5,13:24,12:41,2,9,2631,13287,Ruppin Academic Center,Hadera,0
287,921 79 ,5,13:34,12:41,2,9,3231,13287,Ruppin Academic Center,Hadera,0
288,274 852 ,5,13:23,12:40,2,14,2633,27250,Tel Aviv,Netanya,0
289,825,5,13:23,12:42,1,12,2478,32273,Netanya,Tel Aviv,0
290,825,5,13:39,12:40,1,10,3558,32783,Tel Aviv,Netanya,0
291,825 138 ,5,13:17,12:42,2,10,2110,29677,Netanya,Tel Aviv,0
292,33 852 ,5,13:23,12:40,2,14,2633,28514,Tel Aviv,Netanya,0
293,8 852 ,5,13:23,12:40,2,12,2633,26978,Tel Aviv,Netanya,0
294,7א 921 ,5,13:27,12:34,2,10,3164,13226,Hadera,Ruppin Academic Center,0
295,826,5,13:44,12:57,1,13,2792,32273,Netanya,Tel Aviv,0
296,826 601 ,5,13:41,12:57,2,20,2594,32322,Netanya,Tel Aviv,0
297,826,5,17:08,16:33,1,13,2084,32273,Netanya,Tel Aviv,0
298,821,5,17:17,16:31,1,10,2753,13365,Hadera,Ruppin Academic Center,0
299,826,5,17:08,16:33,1,13,2084,32273,Netanya,Tel Aviv,0
300,821,5,17:17,16:31,1,10,2753,13365,Hadera,Ruppin Academic Center,0
301,921,5,17:27,16:41,1,10,2752,13365,Hadera,Ruppin Academic Center,0
302,921 852 ,5,17:26,16:32,2,10,3240,14034,Ruppin Academic Center,Hadera,0
303,852,5,17:12,16:30,1,17,2559,32804,Tel Aviv,Netanya,0
304,825,5,17:27,16:42,1,12,2660,32273,Netanya,Tel Aviv,0
305,921,5,17:27,16:41,1,10,2752,13365,Hadera,Ruppin Academic Center,0
306,921 825 ,5,17:35,16:32,2,16,3810,22191,Ruppin Academic Center,Hadera,0
307,852,5,17:27,16:45,1,17,2558,32804,Tel Aviv,Netanya,0
308,825,6,16:09,15:30,1,10,2360,32783,Tel Aviv,Netanya,0
309,852,5,17:40,16:59,1,19,2498,33043,Netanya,Tel Aviv,0
310,921 840 ,5,18:52,17:26,2,16,5144,22191,Ruppin Academic Center,Hadera,0
311,852,5,17:42,17:00,1,17,2558,32804,Tel Aviv,Netanya,0
312,74 921 ,0,10:48,9:45,2,17,3771,15839,Hadera,Ruppin Academic Center,0
313,852,0,10:29,9:41,1,19,2898,33049,Netanya,Tel Aviv,0
314,921,0,10:48,10:02,1,10,2813,13365,Hadera,Ruppin Academic Center,0
315,825,0,10:36,9:53,1,12,2573,32273,Netanya,Tel Aviv,0
316,852 49 ,0,10:20,9:41,2,12,2344,28077,Netanya,Tel Aviv,0
317,26 921 ,0,10:48,9:53,2,12,3288,14644,Hadera,Ruppin Academic Center,0
318,852,0,10:32,9:45,1,17,2823,32804,Tel Aviv,Netanya,0
319,852 8 ,0,10:20,9:41,2,14,2364,27551,Netanya,Tel Aviv,0
320,650,0,10:34,9:48,1,15,2817,32658,Tel Aviv,Netanya,0
321,49 825 ,0,10:22,9:50,2,8,1976,28382,Tel Aviv,Netanya,0
322,910,0,10:41,10:00,1,13,2519,32810,Tel Aviv,Netanya,0
323,821,0,10:30,9:43,1,9,2837,14258,Ruppin Academic Center,Hadera,0
324,821 7 ,0,10:33,9:43,2,14,3034,15093,Ruppin Academic Center,Hadera,0
325,821 79 ,0,10:29,9:43,2,9,2790,13294,Ruppin Academic Center,Hadera,0
327,705 729 ,0,10:51,9:59,2,25,3158,18859,Ruppin Academic Center,Hadera,0
328,825,0,13:21,12:40,1,10,2517,32785,Tel Aviv,Netanya,0
329,821,0,13:35,12:50,1,10,2703,13365,Hadera,Ruppin Academic Center,0
330,921 26 ,0,13:40,12:57,2,11,2616,13370,Hadera,Ruppin Academic Center,0
331,41 989 ,0,14:03,12:55,2,10,4094,24085,Ruppin Academic Center,Hadera,0
332,910,0,13:27,12:45,1,13,2528,32810,Tel Aviv,Netanya,0
333,836 26 ,0,13:50,12:43,2,19,4016,28123,Hadera,Ruppin Academic Center,0
334,910,0,13:02,12:40,1,14,1361,32282,Netanya,Tel Aviv,0
335,274 650 ,0,13:14,12:40,2,10,2051,27268,Tel Aviv,Netanya,0
336,921 79 ,0,13:29,12:46,2,9,2580,13287,Ruppin Academic Center,Hadera,0
337,921 74 ,0,13:34,12:46,2,10,2880,14256,Ruppin Academic Center,Hadera,0
338,137 10 650 ,0,13:14,12:40,3,7,2051,25621,Tel Aviv,Netanya,0
339,836 24 ,0,13:42,12:43,2,6,3534,23781,Hadera,Ruppin Academic Center,0
340,708,0,13:47,12:55,1,11,3102,14264,Ruppin Academic Center,Hadera,0
341,852,0,13:37,12:55,1,19,2564,33043,Netanya,Tel Aviv,0
342,825 49 ,0,13:20,12:49,2,8,1860,28062,Netanya,Tel Aviv,0
343,852,0,13:48,13:05,1,19,2627,33043,Netanya,Tel Aviv,0
344,650 271 ,0,17:00,16:13,2,14,2788,31197,Netanya,Tel Aviv,0
345,825,0,17:08,16:20,1,10,2923,32785,Tel Aviv,Netanya,0
346,650,0,17:11,16:20,1,15,3102,32658,Tel Aviv,Netanya,0
347,947 606 ,0,17:16,16:23,2,29,3166,32405,Netanya,Tel Aviv,0
348,49 825 ,0,16:46,16:10,2,8,2168,28382,Tel Aviv,Netanya,0
349,910,0,17:02,16:40,1,14,1361,32282,Netanya,Tel Aviv,0
350,650 49 ,0,17:00,16:13,2,6,2767,28062,Netanya,Tel Aviv,0
351,921,0,17:18,16:37,1,10,2514,13365,Hadera,Ruppin Academic Center,0
352,729 41 ,0,17:32,16:10,2,12,4892,24197,Hadera,Ruppin Academic Center,0
353,921 8 ,0,17:10,16:26,2,9,2614,13274,Ruppin Academic Center,Hadera,0
354,921 49 ,0,17:13,16:26,2,13,2778,15850,Ruppin Academic Center,Hadera,0
355,821,0,17:25,16:28,1,9,3423,14258,Ruppin Academic Center,Hadera,0
356,852,0,17:07,16:15,1,17,3123,32804,Tel Aviv,Netanya,0
358,705,0,17:12,16:21,1,16,3111,15062,Hadera,Ruppin Academic Center,0
359,921,0,16:58,16:17,1,10,2514,13365,Hadera,Ruppin Academic Center,0
360,274 605 ,0,23:58,22:59,2,24,3589,27887,Tel Aviv,Netanya,0
361,852,1,0:13,23:30,1,17,2618,32804,Tel Aviv,Netanya,0
362,910,1,0:01,23:20,1,13,2519,32810,Tel Aviv,Netanya,0
363,910,1,0:25,23:40,1,14,2741,32282,Netanya,Tel Aviv,0
364,501 910 ,1,0:05,23:10,2,15,3316,32664,Tel Aviv,Netanya,0
365,840,1,0:05,23:30,1,12,2073,32280,Netanya,Tel Aviv,0
366,910,1,0:45,0:00,1,14,2741,32282,Netanya,Tel Aviv,0
367,921 840 ,1,0:15,23:17,2,16,3498,22191,Ruppin Academic Center,Hadera,0
368,840,1,0:05,23:30,1,12,2073,32280,Netanya,Tel Aviv,0
369,921 7 ,1,0:11,23:17,2,16,3243,15118,Ruppin Academic Center,Hadera,0
370,729 46 ,1,0:03,23:05,2,14,3444,25127,Hadera,Ruppin Academic Center,0
371,57 14א ,0,23:58,23:05,2,14,3182,14859,Ruppin Academic Center,Hadera,0
372,921,0,23:55,23:10,1,10,2693,13365,Hadera,Ruppin Academic Center,0
373,57,1,0:06,23:21,1,11,2697,13242,Hadera,Ruppin Academic Center,0
374,821,1,0:15,23:28,1,9,2827,14258,Ruppin Academic Center,Hadera,0
375,921,0,23:55,23:10,1,10,2693,13365,Hadera,Ruppin Academic Center,0
376,650,1,10:47,10:00,1,15,2828,32658,Tel Aviv,Netanya,0
377,274 825 ,1,10:44,10:00,2,10,2653,27249,Tel Aviv,Netanya,0
378,852,1,10:56,10:10,1,17,2816,32804,Tel Aviv,Netanya,0
379,826,1,11:00,10:09,1,13,3046,32269,Netanya,Tel Aviv,0
380,826 253 ,1,10:51,10:09,2,13,2512,29162,Netanya,Tel Aviv,0
381,852 253 ,1,10:50,10:14,2,14,2171,29163,Netanya,Tel Aviv,0
382,921 26 ,1,11:25,10:32,2,17,3222,17096,Hadera,Ruppin Academic Center,0
383,7 821 ,1,10:56,10:00,2,10,3405,13226,Hadera,Ruppin Academic Center,0
384,825,1,10:42,10:00,1,10,2566,32789,Tel Aviv,Netanya,0
385,921,1,10:48,10:02,1,10,2772,13365,Hadera,Ruppin Academic Center,0
386,705 729 ,1,10:52,9:59,2,25,3187,18859,Ruppin Academic Center,Hadera,0
387,705 22 ,1,11:04,9:59,2,17,3936,15329,Ruppin Academic Center,Hadera,0
388,57 7 ,1,10:54,10:05,2,9,2968,13280,Ruppin Academic Center,Hadera,0
389,705 7 ,1,10:44,9:59,2,16,2723,15187,Ruppin Academic Center,Hadera,0
390,821,1,10:56,10:06,1,11,2944,14889,Hadera,Ruppin Academic Center,0
391,605,1,11:05,10:00,1,32,3913,33057,Netanya,Tel Aviv,0
392,821,1,13:36,12:46,1,11,2966,14889,Hadera,Ruppin Academic Center,0
393,947 708 ,1,13:41,12:31,2,10,4179,23944,Hadera,Ruppin Academic Center,0
394,705,1,13:28,12:36,1,16,3122,15062,Hadera,Ruppin Academic Center,0
395,825,1,13:23,12:40,1,10,2594,32789,Tel Aviv,Netanya,0
396,501 825 ,1,13:25,12:35,2,11,3018,32659,Tel Aviv,Netanya,0
397,921 26 ,1,13:40,12:57,2,11,2613,13370,Hadera,Ruppin Academic Center,0
398,274 825 ,1,13:24,12:40,2,10,2681,27249,Tel Aviv,Netanya,0
399,501 852 ,1,13:26,12:35,2,18,3064,32667,Tel Aviv,Netanya,0
400,41 989 ,1,13:49,12:55,2,10,3248,24085,Ruppin Academic Center,Hadera,0
401,921 74 ,1,13:34,12:46,2,9,2880,13287,Ruppin Academic Center,Hadera,0
402,708,1,13:46,12:55,1,11,3057,14264,Ruppin Academic Center,Hadera,0
403,708 7 ,1,13:43,12:55,2,9,2881,13281,Ruppin Academic Center,Hadera,0
404,825,1,13:27,12:37,1,12,2947,32267,Netanya,Tel Aviv,0
405,826,1,13:27,12:39,1,13,2915,32269,Netanya,Tel Aviv,0
406,650 49 ,1,13:20,12:43,2,6,2167,28062,Netanya,Tel Aviv,0
407,605,1,13:45,12:40,1,32,3904,33057,Netanya,Tel Aviv,0
408,825 49 ,1,17:40,16:57,2,8,2527,28056,Netanya,Tel Aviv,0
409,821,1,17:36,16:46,1,11,2956,14889,Hadera,Ruppin Academic Center,0
410,57,1,17:31,16:46,1,11,2752,13242,Hadera,Ruppin Academic Center,0
411,921 852 ,1,17:49,16:51,2,17,3448,16953,Ruppin Academic Center,Hadera,0
412,825,1,17:51,16:57,1,12,3204,32267,Netanya,Tel Aviv,0
413,650 33 ,1,17:34,16:53,2,10,2425,28096,Netanya,Tel Aviv,0
414,921 49 ,1,17:42,16:51,2,9,3027,13436,Ruppin Academic Center,Hadera,0
415,921,1,17:43,16:57,1,10,2785,13365,Hadera,Ruppin Academic Center,0
416,605 49 ,1,17:40,16:45,2,24,3306,28823,Netanya,Tel Aviv,0
417,852,1,17:48,16:55,1,17,3233,32804,Tel Aviv,Netanya,0
418,821,1,18:19,17:28,1,9,3059,14258,Ruppin Academic Center,Hadera,0
419,852,1,17:38,16:45,1,17,3230,32804,Tel Aviv,Netanya,0
420,821 26 ,1,17:41,16:50,2,17,3088,17096,Hadera,Ruppin Academic Center,0
421,8 825 ,1,17:23,16:45,2,8,2338,26977,Tel Aviv,Netanya,0
422,921 11א ,1,17:56,16:51,2,18,3862,15957,Ruppin Academic Center,Hadera,0
423,910,1,17:39,16:50,1,13,2967,32810,Tel Aviv,Netanya,0
424,650 274 ,2,11:38,10:59,2,11,2300,31057,Netanya,Tel Aviv,0
425,921,2,11:48,11:02,1,10,2782,13365,Hadera,Ruppin Academic Center,0
426,821,2,11:41,10:51,1,11,2951,14889,Hadera,Ruppin Academic Center,0
427,921 729 ,2,12:13,11:16,2,18,3376,16953,Ruppin Academic Center,Hadera,0
428,852,2,11:49,11:04,1,19,2710,33049,Netanya,Tel Aviv,0
429,41 947 ,2,12:42,11:30,2,13,4314,25113,Ruppin Academic Center,Hadera,0
430,13א 921 ,2,11:49,10:55,2,10,3202,13226,Hadera,Ruppin Academic Center,0
431,852,2,11:40,10:55,1,17,2756,32804,Tel Aviv,Netanya,0
432,821 26 ,2,11:40,10:55,2,11,2725,13370,Hadera,Ruppin Academic Center,0
433,825,2,11:42,11:00,1,10,2542,32789,Tel Aviv,Netanya,0
434,650,2,11:41,10:59,1,17,2496,33060,Netanya,Tel Aviv,0
435,274 852 ,2,11:40,11:00,2,14,2443,27263,Tel Aviv,Netanya,0
436,650,2,11:45,11:00,1,15,2707,32661,Tel Aviv,Netanya,0
437,650 8 ,2,11:33,10:59,2,8,2014,27535,Netanya,Tel Aviv,0
438,921 74 ,2,12:04,11:16,2,9,2880,13287,Ruppin Academic Center,Hadera,0
439,821,2,12:16,11:28,1,9,2868,14258,Ruppin Academic Center,Hadera,0
440,51 921 ,2,16:18,15:32,2,11,2757,14032,Hadera,Ruppin Academic Center,0
441,41 825 ,2,16:28,15:26,2,9,3705,23484,Ruppin Academic Center,Hadera,0
442,821 27 ,2,16:21,15:28,2,15,3214,15672,Ruppin Academic Center,Hadera,0
443,729 705 ,2,16:29,15:30,2,14,3533,23943,Hadera,Ruppin Academic Center,0
445,821,2,16:18,15:28,1,9,3020,14258,Ruppin Academic Center,Hadera,0
446,650 8 ,2,15:58,15:24,2,8,2020,27535,Netanya,Tel Aviv,0
447,650 49 ,2,16:00,15:24,2,6,2133,28062,Netanya,Tel Aviv,0
448,49 650 ,2,16:08,15:30,2,8,2315,28395,Tel Aviv,Netanya,0
449,825,2,16:19,15:40,1,10,2360,32789,Tel Aviv,Netanya,0
450,650 253 ,2,15:56,15:24,2,8,1914,29158,Netanya,Tel Aviv,0
451,910,2,16:02,15:40,1,14,1361,32282,Netanya,Tel Aviv,0
452,921,2,16:18,15:37,1,10,2514,13365,Hadera,Ruppin Academic Center,0
453,271 650 ,2,16:08,15:24,2,17,2675,31293,Tel Aviv,Netanya,0
454,8 650 ,2,16:08,15:28,2,8,2435,26987,Tel Aviv,Netanya,0
455,852 705 ,2,16:30,15:37,2,9,3201,22888,Hadera,Ruppin Academic Center,0
456,921,5,17:13,16:31,1,10,2566,13531,Hadera,Ruppin Academic Center,0
457,821,5,17:13,16:28,1,10,2709,14478,Hadera,Ruppin Academic Center,0
458,947 921 ,5,17:08,16:19,2,8,2920,28149,Hadera,Ruppin Academic Center,0
459,921,5,17:13,16:31,1,10,2566,13531,Hadera,Ruppin Academic Center,0
460,921,5,16:33,15:51,1,10,2566,13531,Hadera,Ruppin Academic Center,0
461,821,0,7:54,6:53,1,10,3674,14478,Hadera,Ruppin Academic Center,0
462,705,0,7:58,7:06,1,17,3129,15072,Hadera,Ruppin Academic Center,0
463,921,0,7:52,6:56,1,10,3373,13531,Hadera,Ruppin Academic Center,0
464,947 24 ,0,7:38,6:44,2,9,3235,24840,Hadera,Ruppin Academic Center,0
465,921 26 ,0,8:56,8:01,2,17,3322,17261,Hadera,Ruppin Academic Center,0
466,705,0,8:34,7:51,1,17,2625,15072,Hadera,Ruppin Academic Center,0
467,947 705 ,0,8:07,7:29,2,10,2271,23849,Hadera,Ruppin Academic Center,0
468,821,0,8:58,8:03,1,10,3328,14478,Hadera,Ruppin Academic Center,0
469,705,0,9:19,8:36,1,17,2614,15072,Hadera,Ruppin Academic Center,0
470,921,0,9:19,8:31,1,10,2902,13531,Hadera,Ruppin Academic Center,0
471,710 705 ,0,9:05,8:16,2,11,2937,22967,Hadera,Ruppin Academic Center,0
472,51 705 ,0,9:19,8:27,2,17,3111,15247,Hadera,Ruppin Academic Center,0
473,61 921 ,0,13:08,12:26,2,11,2518,14032,Hadera,Ruppin Academic Center,0
474,821,0,13:23,12:38,1,10,2709,14478,Hadera,Ruppin Academic Center,0
475,921 26 ,0,13:26,12:26,2,17,3647,17261,Hadera,Ruppin Academic Center,0
476,921,0,13:08,12:26,1,10,2566,13531,Hadera,Ruppin Academic Center,0
477,27 821 ,0,14:23,13:38,2,10,2691,13018,Hadera,Ruppin Academic Center,0
478,821,0,14:23,13:38,1,10,2709,14478,Hadera,Ruppin Academic Center,0
479,921,0,14:18,13:36,1,10,2566,13531,Hadera,Ruppin Academic Center,0
480,27 921 ,0,14:18,13:38,2,11,2411,13135,Hadera,Ruppin Academic Center,0
481,947 26 ,0,18:54,17:52,2,22,3718,29306,Hadera,Ruppin Academic Center,0
482,8 921 ,0,18:58,18:04,2,19,3237,15982,Hadera,Ruppin Academic Center,0
483,921,0,18:58,18:16,1,10,2566,13531,Hadera,Ruppin Academic Center,0
484,947 41 ,0,18:47,17:52,2,8,3300,23727,Hadera,Ruppin Academic Center,0
485,980 24 ,0,19:47,18:48,2,6,3535,23781,Hadera,Ruppin Academic Center,0
486,57,0,19:45,18:59,1,11,2808,13242,Hadera,Ruppin Academic Center,0
487,710 24 ,0,19:47,18:48,2,12,3511,24881,Hadera,Ruppin Academic Center,0
488,710 41 ,0,19:55,18:48,2,13,3990,25123,Hadera,Ruppin Academic Center,0
489,705,1,7:54,7:06,1,17,2923,15072,Hadera,Ruppin Academic Center,0
490,729 705 ,1,8:01,7:05,2,12,3340,23020,Hadera,Ruppin Academic Center,0
492,921 705 ,1,7:45,6:56,2,11,2989,13421,Hadera,Ruppin Academic Center,0
493,13א 705 ,1,8:40,7:44,2,17,3390,14798,Hadera,Ruppin Academic Center,0
494,705,1,8:38,7:51,1,17,2876,15072,Hadera,Ruppin Academic Center,0
495,27 705 ,1,8:38,7:46,2,18,3121,14850,Hadera,Ruppin Academic Center,0
496,55 705 ,1,8:38,7:52,2,12,2748,14008,Hadera,Ruppin Academic Center,0
497,57,1,9:36,8:49,1,11,2851,13242,Hadera,Ruppin Academic Center,0
498,729 705 ,1,9:41,8:45,2,14,3356,23943,Hadera,Ruppin Academic Center,0
499,57 26 ,1,9:35,8:49,2,11,2801,13360,Hadera,Ruppin Academic Center,0
501,821 26 ,3,11:40,10:55,2,11,2727,13370,Hadera,Ruppin Academic Center,0
502,947 26 ,3,11:50,10:45,2,20,3877,28007,Hadera,Ruppin Academic Center,0
503,921,3,12:09,11:16,1,10,3225,13531,Hadera,Ruppin Academic Center,0
506,947 26 ,3,12:50,11:43,2,22,3992,29306,Hadera,Ruppin Academic Center,0
507,921 26 ,3,12:40,11:56,2,11,2670,13535,Hadera,Ruppin Academic Center,0
508,921,3,12:43,11:56,1,10,2854,13531,Hadera,Ruppin Academic Center,0
509,921 26 ,3,16:45,15:58,2,11,2844,13535,Hadera,Ruppin Academic Center,0
510,921,3,16:43,15:56,1,10,2866,13531,Hadera,Ruppin Academic Center,0
511,921,3,16:48,15:58,1,10,2976,13531,Hadera,Ruppin Academic Center,0
512,947 705 ,3,16:31,15:40,2,10,3081,23849,Hadera,Ruppin Academic Center,0
513,921,3,16:23,15:33,1,10,2999,13531,Hadera,Ruppin Academic Center,0
514,947 705 ,3,16:30,15:40,2,9,3023,23852,Hadera,Ruppin Academic Center,0
516,51 921 ,3,16:23,15:27,2,11,3343,14031,Hadera,Ruppin Academic Center,0
517,710 24 ,4,7:24,6:28,2,10,3328,23957,Hadera,Ruppin Academic Center,0
518,708,4,7:13,6:23,1,13,3011,14783,Hadera,Ruppin Academic Center,0
519,921,4,7:17,6:30,1,10,2795,13531,Hadera,Ruppin Academic Center,0
520,708,4,7:13,6:23,1,13,3011,14783,Hadera,Ruppin Academic Center,0
521,705,4,8:35,7:51,1,17,2678,15072,Hadera,Ruppin Academic Center,0
522,27 705 ,4,8:35,7:46,2,18,2923,14850,Hadera,Ruppin Academic Center,0
523,821,4,8:14,7:27,1,10,2803,13365,Hadera,Ruppin Academic Center,0
524,821,4,8:14,7:27,1,10,2803,13365,Hadera,Ruppin Academic Center,0
525,51 705 ,4,9:19,8:27,2,17,3127,15247,Hadera,Ruppin Academic Center,0
526,705,4,9:20,8:36,1,17,2670,15072,Hadera,Ruppin Academic Center,0
527,729 705 ,4,9:42,8:45,2,14,3412,23943,Hadera,Ruppin Academic Center,0
528,921,4,9:10,8:22,1,10,2895,13531,Hadera,Ruppin Academic Center,0
529,729 705 ,4,10:30,9:30,2,12,3557,23020,Hadera,Ruppin Academic Center,0
530,980 705 ,4,10:30,9:38,2,7,3091,22789,Hadera,Ruppin Academic Center,0
531,947 705 ,4,10:29,9:41,2,10,2850,23846,Hadera,Ruppin Academic Center,0
532,57,4,10:25,9:39,1,11,2778,13242,Hadera,Ruppin Academic Center,0
533,55 705 ,4,11:27,10:25,2,22,3768,16938,Hadera,Ruppin Academic Center,0
534,27 921 ,4,11:33,10:45,2,11,2887,13135,Hadera,Ruppin Academic Center,0
535,729 26 ,4,11:49,10:30,2,26,4721,29400,Hadera,Ruppin Academic Center,0
536,705,4,11:29,10:36,1,16,3188,15062,Hadera,Ruppin Academic Center,0
537,852 41 ,4,12:18,11:21,2,9,3390,24059,Hadera,Ruppin Academic Center,0
538,8 921 ,4,12:27,11:37,2,11,2999,13760,Hadera,Ruppin Academic Center,0
539,729 26 ,4,12:49,11:30,2,26,4703,29400,Hadera,Ruppin Academic Center,0
540,921,4,12:27,11:38,1,10,2947,13531,Hadera,Ruppin Academic Center,0
541,8 921 ,4,13:33,12:37,2,11,3415,13760,Hadera,Ruppin Academic Center,0
542,705,4,13:28,12:36,1,16,3139,15062,Hadera,Ruppin Academic Center,0
543,947 26 ,4,13:49,12:39,2,22,4200,29303,Hadera,Ruppin Academic Center,0
544,921,4,13:33,12:45,1,10,2927,13531,Hadera,Ruppin Academic Center,0
545,27 921 ,4,14:20,13:35,2,11,2738,13135,Hadera,Ruppin Academic Center,0
546,921,4,14:20,13:31,1,10,2943,13531,Hadera,Ruppin Academic Center,0
547,27 705 ,4,14:35,13:35,2,18,3605,14850,Hadera,Ruppin Academic Center,0
548,51 921 ,4,14:20,13:32,2,11,2922,14031,Hadera,Ruppin Academic Center,0
549,1 705 ,4,15:21,14:29,2,17,3112,14933,Hadera,Ruppin Academic Center,0
550,921 705 ,4,15:17,14:30,2,11,2784,13433,Hadera,Ruppin Academic Center,0
551,947 705 ,4,15:46,14:41,2,10,3919,23846,Hadera,Ruppin Academic Center,0
552,705,4,15:19,14:36,1,17,2631,15072,Hadera,Ruppin Academic Center,0
553,51 921 ,4,16:23,15:27,2,11,3373,14031,Hadera,Ruppin Academic Center,0
554,947 705 ,4,16:32,15:39,2,9,3139,23849,Hadera,Ruppin Academic Center,0
555,921,4,16:24,15:36,1,10,2886,13531,Hadera,Ruppin Academic Center,0
556,729 705 ,4,16:33,15:30,2,14,3738,23943,Hadera,Ruppin Academic Center,0
557,705,4,17:13,16:21,1,16,3163,15062,Hadera,Ruppin Academic Center,0
558,27 921 ,4,17:25,16:34,2,11,3029,13135,Hadera,Ruppin Academic Center,0
559,921,4,17:14,16:23,1,10,3088,13531,Hadera,Ruppin Academic Center,0
560,921,4,17:14,16:23,1,10,3088,13531,Hadera,Ruppin Academic Center,0
561,825 705 ,4,18:18,17:17,2,6,3650,22796,Hadera,Ruppin Academic Center,0
562,821,4,18:25,17:37,1,10,2885,13365,Hadera,Ruppin Academic Center,0
563,57,4,18:10,17:24,1,11,2773,13242,Hadera,Ruppin Academic Center,0
564,921,4,18:15,17:24,1,10,3060,13531,Hadera,Ruppin Academic Center,0
565,263 57 ,5,0:51,23:28,2,18,4950,38411,Hadera,Ruppin Academic Center,0
566,921,5,0:12,23:25,1,10,2846,13531,Hadera,Ruppin Academic Center,0
567,57,5,0:36,23:51,1,11,2744,13242,Hadera,Ruppin Academic Center,0
568,821,5,0:10,23:24,1,10,2743,13365,Hadera,Ruppin Academic Center,0
569,836 705 ,0,12:51,11:58,2,6,3205,22796,Hadera,Ruppin Academic Center,0
570,947 26 ,0,12:49,11:40,2,20,4176,27880,Hadera,Ruppin Academic Center,0
571,921,0,12:38,11:56,1,10,2566,13531,Hadera,Ruppin Academic Center,0
572,921 26 ,0,12:40,11:56,2,11,2673,13535,Hadera,Ruppin Academic Center,0
573,825,0,12:58,12:16,1,12,2538,32272,Netanya,Tel Aviv,0
575,826,0,12:49,12:09,1,13,2438,32273,Netanya,Tel Aviv,0
576,825 49 ,0,13:00,12:17,2,8,2527,28061,Netanya,Tel Aviv,0
577,921,0,13:58,13:16,1,10,2566,13531,Hadera,Ruppin Academic Center,0
579,8 921 ,0,13:58,13:04,2,19,3237,15982,Hadera,Ruppin Academic Center,0
580,921 26 ,0,13:40,12:56,2,11,2672,13535,Hadera,Ruppin Academic Center,0
581,921,1,11:48,11:01,1,10,2854,13531,Hadera,Ruppin Academic Center,0
583,947 26 ,1,11:50,10:44,2,20,3928,28007,Hadera,Ruppin Academic Center,0
584,821 26 ,1,11:40,10:55,2,11,2736,13370,Hadera,Ruppin Academic Center,0
586,921,1,15:58,15:16,1,10,2566,13531,Hadera,Ruppin Academic Center,0
587,729 705 ,1,15:45,14:54,2,12,3062,23020,Hadera,Ruppin Academic Center,0
588,8 921 ,1,15:58,15:04,2,19,3237,15982,Hadera,Ruppin Academic Center,0
589,947 821 ,1,18:14,17:14,2,8,3547,28149,Hadera,Ruppin Academic Center,0
590,921,1,17:58,17:16,1,10,2566,13531,Hadera,Ruppin Academic Center,0
591,8 921 ,1,17:58,17:04,2,19,3237,15982,Hadera,Ruppin Academic Center,0
592,57,1,18:10,17:24,1,11,2767,13242,Hadera,Ruppin Academic Center,0
593,729 26 ,1,17:55,16:48,2,26,4021,29400,Hadera,Ruppin Academic Center,0
594,8 921 ,1,17:58,17:04,2,19,3237,15982,Hadera,Ruppin Academic Center,0
595,947 26 ,1,17:54,16:44,2,20,4178,28007,Hadera,Ruppin Academic Center,0
596,921,1,17:58,17:16,1,10,2566,13531,Hadera,Ruppin Academic Center,0
597,57,1,19:14,18:29,1,11,2752,13242,Hadera,Ruppin Academic Center,0
598,921,1,19:23,18:41,1,10,2566,13531,Hadera,Ruppin Academic Center,0
599,710 26 ,1,19:49,18:44,2,25,3868,29347,Hadera,Ruppin Academic Center,0
600,51 921 ,1,19:23,18:31,2,11,3135,14032,Hadera,Ruppin Academic Center,0
601,921,1,20:23,19:41,1,10,2566,13531,Hadera,Ruppin Academic Center,0
602,57 26 ,1,20:31,19:39,2,17,3159,17096,Hadera,Ruppin Academic Center,0
603,947 57 ,1,20:37,19:39,2,14,3422,39848,Hadera,Ruppin Academic Center,0
604,821,1,20:35,19:50,1,10,2703,13365,Hadera,Ruppin Academic Center,0
605,57,1,21:31,20:46,1,11,2754,13242,Hadera,Ruppin Academic Center,0
606,57,1,21:09,20:24,1,11,2755,13242,Hadera,Ruppin Academic Center,0
608,921,1,21:33,20:51,1,10,2566,13531,Hadera,Ruppin Academic Center,0
609,57,1,23:06,22:24,1,11,2569,13242,Hadera,Ruppin Academic Center,0
610,821,1,22:35,21:50,1,10,2703,13365,Hadera,Ruppin Academic Center,0
611,921,1,22:28,21:46,1,10,2566,13531,Hadera,Ruppin Academic Center,0
612,57,1,22:09,21:24,1,11,2716,13242,Hadera,Ruppin Academic Center,0
613,57,1,23:36,22:51,1,11,2737,13242,Hadera,Ruppin Academic Center,0
614,821,1,23:35,22:50,1,10,2703,13365,Hadera,Ruppin Academic Center,0
615,921,1,23:48,23:06,1,10,2566,13531,Hadera,Ruppin Academic Center,0
616,57,1,23:09,22:24,1,11,2738,13242,Hadera,Ruppin Academic Center,0
617,980 41 ,2,5:43,1:09,2,7,16462,23973,Hadera,Ruppin Academic Center,0
618,57,2,0:36,23:51,1,11,2720,13242,Hadera,Ruppin Academic Center,0
619,60 57 ,2,0:38,23:40,2,11,3475,13909,Hadera,Ruppin Academic Center,0
620,910 233 921 ,2,0:45,23:28,3,8,4613,22912,Hadera,Ruppin Academic Center,0
621,921,2,9:18,8:31,1,10,2870,13531,Hadera,Ruppin Academic Center,0
622,13א 705 ,2,9:21,8:29,2,17,3126,14798,Hadera,Ruppin Academic Center,0
623,729 705 ,2,9:44,8:45,2,14,3505,23943,Hadera,Ruppin Academic Center,0
624,705,2,9:19,8:36,1,17,2618,15072,Hadera,Ruppin Academic Center,0
625,729 705 ,2,10:31,9:30,2,12,3621,23020,Hadera,Ruppin Academic Center,0
626,921,2,10:18,9:31,1,10,2879,13531,Hadera,Ruppin Academic Center,0
627,821,2,10:21,9:31,1,11,2979,14889,Hadera,Ruppin Academic Center,0
628,57,2,10:25,9:39,1,11,2760,13242,Hadera,Ruppin Academic Center,0
629,729 26 ,2,11:50,10:30,2,26,4745,29400,Hadera,Ruppin Academic Center,0
630,921,2,11:18,10:31,1,10,2868,13531,Hadera,Ruppin Academic Center,0
631,27 921 ,2,11:18,10:31,2,11,2810,13135,Hadera,Ruppin Academic Center,0
632,27 921 26 ,2,11:26,10:31,3,18,3294,16865,Hadera,Ruppin Academic Center,0
635,729 705 ,2,12:50,11:50,2,13,3566,23949,Hadera,Ruppin Academic Center,1.04
636,921 26 ,2,12:40,11:56,2,11,2671,13535,Hadera,Ruppin Academic Center,1.04
638,921,2,12:43,11:56,1,10,2848,13531,Hadera,Ruppin Academic Center,1.04
639,705,2,13:28,12:36,1,16,3127,15062,Hadera,Ruppin Academic Center,0
640,947 921 ,2,13:28,12:39,2,8,2920,28149,Hadera,Ruppin Academic Center,0
642,821,2,13:35,12:50,1,10,2703,13365,Hadera,Ruppin Academic Center,0
643,729 705 ,2,15:37,14:50,2,14,2813,23943,Hadera,Ruppin Academic Center,0
644,8 921 ,2,14:58,14:04,2,19,3237,15982,Hadera,Ruppin Academic Center,0
645,921,2,14:58,14:16,1,10,2566,13531,Hadera,Ruppin Academic Center,0
646,705,2,15:19,14:36,1,17,2585,15072,Hadera,Ruppin Academic Center,0
647,947 26 ,4,14:47,13:54,2,20,3189,27883,Hadera,Ruppin Academic Center,0
648,921,4,14:50,14:00,1,10,3004,13531,Hadera,Ruppin Academic Center,0
649,705,4,14:37,13:55,1,17,2539,15072,Hadera,Ruppin Academic Center,0
650,729 26 ,4,14:47,13:50,2,24,3420,28354,Hadera,Ruppin Academic Center,0
651,947 41 ,4,17:28,16:19,2,8,4150,23727,Hadera,Ruppin Academic Center,0
652,921,4,17:25,16:36,1,10,2941,13531,Hadera,Ruppin Academic Center,0
653,821,4,17:20,16:31,1,10,2932,13365,Hadera,Ruppin Academic Center,0
654,27 921 ,4,17:25,16:41,2,11,2630,13135,Hadera,Ruppin Academic Center,0
655,7 57 ,4,18:12,17:17,2,11,3270,13102,Hadera,Ruppin Academic Center,0
656,716,4,18:22,17:31,1,10,3064,13407,Hadera,Ruppin Academic Center,0
657,57,4,18:10,17:24,1,11,2796,13242,Hadera,Ruppin Academic Center,0
658,921,4,18:04,17:16,1,10,2922,13531,Hadera,Ruppin Academic Center,0
659,821,4,19:15,18:26,1,10,2950,13365,Hadera,Ruppin Academic Center,0
660,55 821 ,4,19:15,18:14,2,11,3686,14032,Hadera,Ruppin Academic Center,0
661,51 921 ,4,19:13,18:27,2,11,2782,14031,Hadera,Ruppin Academic Center,0
662,57 26 ,4,19:36,18:29,2,17,4058,17093,Hadera,Ruppin Academic Center,0
663,921,4,20:23,19:34,1,10,2963,13531,Hadera,Ruppin Academic Center,0
664,57,4,20:00,19:14,1,11,2771,13242,Hadera,Ruppin Academic Center,0
665,27 921 ,4,20:23,19:31,2,11,3136,13135,Hadera,Ruppin Academic Center,0
666,57,4,20:25,19:39,1,11,2773,13242,Hadera,Ruppin Academic Center,0
667,57,4,22:29,21:44,1,11,2747,13242,Hadera,Ruppin Academic Center,0
668,921,4,22:33,21:46,1,10,2831,13531,Hadera,Ruppin Academic Center,0
669,921,4,21:51,21:03,1,10,2873,13531,Hadera,Ruppin Academic Center,0
670,57,4,22:09,21:24,1,11,2747,13242,Hadera,Ruppin Academic Center,0
671,821,4,22:35,21:46,1,11,2916,14889,Hadera,Ruppin Academic Center,0
672,57,4,22:29,21:44,1,11,2731,13242,Hadera,Ruppin Academic Center,0
673,921,4,22:32,21:46,1,10,2815,13531,Hadera,Ruppin Academic Center,0
674,57,4,22:09,21:24,1,11,2731,13242,Hadera,Ruppin Academic Center,0
675,827 705 ,0,8:05,7:16,2,8,2921,22831,Hadera,Ruppin Academic Center,0
676,921,0,8:28,7:31,1,10,3444,13531,Hadera,Ruppin Academic Center,0
678,821,0,8:26,7:26,1,11,3544,14889,Hadera,Ruppin Academic Center,0
679,947 705 ,0,9:04,7:58,2,10,3933,23849,Hadera,Ruppin Academic Center,0
680,821,0,9:03,8:15,1,10,2914,13365,Hadera,Ruppin Academic Center,0
681,705,0,9:21,8:36,1,17,2726,15072,Hadera,Ruppin Academic Center,0
682,16 57 ,0,9:08,8:13,2,13,3310,13137,Hadera,Ruppin Academic Center,0
684,821,0,10:23,9:31,1,11,3109,14889,Hadera,Ruppin Academic Center,0
685,947 705 ,0,10:29,9:34,2,10,3270,23849,Hadera,Ruppin Academic Center,0
686,57,0,10:07,9:19,1,11,2914,13242,Hadera,Ruppin Academic Center,0
687,60 921 ,0,11:18,10:21,2,13,3450,15469,Hadera,Ruppin Academic Center,0
688,921,0,11:19,10:31,1,10,2901,13531,Hadera,Ruppin Academic Center,0
690,55 921 ,0,11:18,10:25,2,16,3198,15237,Hadera,Ruppin Academic Center,0
691,947 26 ,1,11:50,10:43,2,22,3992,29306,Hadera,Ruppin Academic Center,0
692,921 26 ,1,11:40,11:01,2,11,2376,13535,Hadera,Ruppin Academic Center,0
693,921,1,11:43,11:01,1,10,2566,13531,Hadera,Ruppin Academic Center,0
695,980 705 ,1,15:45,14:54,2,7,3063,22789,Hadera,Ruppin Academic Center,0
696,947 705 ,1,15:44,14:41,2,10,3802,23849,Hadera,Ruppin Academic Center,0
697,921,1,15:58,15:16,1,10,2566,13531,Hadera,Ruppin Academic Center,0
698,8 921 ,1,15:58,15:04,2,19,3237,15982,Hadera,Ruppin Academic Center,0
699,921,1,17:58,17:16,1,10,2566,13531,Hadera,Ruppin Academic Center,0
700,8 921 ,1,17:58,17:04,2,19,3237,15982,Hadera,Ruppin Academic Center,0
701,921,1,17:38,16:56,1,10,2566,13531,Hadera,Ruppin Academic Center,0
702,921 26 ,1,17:45,16:56,2,11,2988,13535,Hadera,Ruppin Academic Center,0
703,947 821 ,1,19:14,18:10,2,8,3810,28149,Hadera,Ruppin Academic Center,0
704,921 26 ,1,18:45,17:56,2,11,2968,13535,Hadera,Ruppin Academic Center,0
705,921,1,18:58,18:16,1,10,2566,13531,Hadera,Ruppin Academic Center,0
706,921,1,18:38,17:56,1,10,2566,13531,Hadera,Ruppin Academic Center,0
707,729 41 ,1,19:54,18:56,2,12,3481,24197,Hadera,Ruppin Academic Center,0
708,57,1,19:45,18:59,1,11,2795,13242,Hadera,Ruppin Academic Center,0
709,921,1,19:53,19:11,1,10,2566,13531,Hadera,Ruppin Academic Center,0
710,57,1,20:00,19:14,1,11,2796,13242,Hadera,Ruppin Academic Center,0
712,921,1,20:53,20:11,1,10,2566,13531,Hadera,Ruppin Academic Center,0
713,57,1,21:09,20:24,1,11,2725,13242,Hadera,Ruppin Academic Center,0
714,947 41 ,1,21:16,20:18,2,8,3492,23727,Hadera,Ruppin Academic Center,0
715,57,1,22:09,21:24,1,11,2731,13242,Hadera,Ruppin Academic Center,0
716,980 46 ,1,22:05,21:04,2,7,3659,23973,Hadera,Ruppin Academic Center,0
717,729 46 ,1,22:04,20:59,2,14,3890,25127,Hadera,Ruppin Academic Center,0
718,729 39 921 ,1,21:53,20:59,3,11,3241,23048,Hadera,Ruppin Academic Center,0
719,57,1,23:09,22:24,1,11,2704,13242,Hadera,Ruppin Academic Center,0
720,57,1,23:33,22:51,1,11,2569,13242,Hadera,Ruppin Academic Center,0
721,710 241 921 ,1,23:25,22:22,3,13,3801,25220,Hadera,Ruppin Academic Center,0
722,55 57 ,1,23:10,22:22,2,12,2864,13908,Hadera,Ruppin Academic Center,0
723,41 947 ,2,12:36,11:30,2,11,3941,25008,Ruppin Academic Center,Hadera,0
724,26 705 79 ,2,12:59,12:06,3,16,3213,15200,Ruppin Academic Center,Hadera,0
725,705 79 ,2,12:59,12:05,2,15,3240,15189,Ruppin Academic Center,Hadera,0
726,821,2,12:16,11:28,1,9,2885,14258,Ruppin Academic Center,Hadera,0
727,821,3,10:27,9:33,1,11,3250,14889,Hadera,Ruppin Academic Center,0.67
728,57 26 ,3,10:31,9:39,2,17,3151,17096,Hadera,Ruppin Academic Center,0.67
729,947 26 ,3,10:52,9:41,2,22,4239,29306,Hadera,Ruppin Academic Center,0.67
730,947 26 ,3,10:52,9:41,2,22,4239,29306,Hadera,Ruppin Academic Center,0.67
731,57,3,10:25,9:39,1,11,2770,13242,Hadera,Ruppin Academic Center,0.67
732,57,3,10:25,9:39,1,11,2770,13242,Hadera,Ruppin Academic Center,0.67
733,57 26 ,3,10:31,9:39,2,17,3151,17096,Hadera,Ruppin Academic Center,0.67
734,821,3,10:27,9:33,1,11,3250,14889,Hadera,Ruppin Academic Center,0.67
735,705,3,14:35,13:51,1,17,2687,15072,Hadera,Ruppin Academic Center,0
736,821,3,14:38,13:51,1,10,2823,13365,Hadera,Ruppin Academic Center,0
737,821 26 ,3,14:40,13:51,2,11,2937,13370,Hadera,Ruppin Academic Center,0
738,921 26 ,3,14:41,13:50,2,11,3020,13525,Hadera,Ruppin Academic Center,0
739,729 705 ,3,15:46,14:50,2,12,3355,23020,Hadera,Ruppin Academic Center,0
740,821 26 ,3,15:45,14:58,2,11,2839,13370,Hadera,Ruppin Academic Center,0
741,825 705 ,3,15:46,14:42,2,7,3856,22789,Hadera,Ruppin Academic Center,0
742,821,3,15:47,14:58,1,10,2923,13365,Hadera,Ruppin Academic Center,0
743,921,4,12:30,11:42,1,10,2904,13531,Hadera,Ruppin Academic Center,0
744,8 921 ,4,12:30,11:37,2,11,3224,13760,Hadera,Ruppin Academic Center,0
745,947 26 ,4,12:50,11:42,2,22,4091,29306,Hadera,Ruppin Academic Center,0
746,705,4,12:27,11:36,1,16,3114,15062,Hadera,Ruppin Academic Center,0
747,821,4,12:42,11:55,1,10,2831,13365,Hadera,Ruppin Academic Center,0
748,825 705 ,4,12:51,11:51,2,6,3650,22796,Hadera,Ruppin Academic Center,0
749,821 26 ,4,12:40,11:55,2,11,2716,13370,Hadera,Ruppin Academic Center,0
750,729 705 ,4,12:50,11:50,2,13,3597,23949,Hadera,Ruppin Academic Center,0
751,705,0,11:28,10:36,1,16,3124,15062,Hadera,Ruppin Academic Center,0
752,27 705 ,0,11:28,10:31,2,17,3369,14840,Hadera,Ruppin Academic Center,0
753,947 705 ,0,11:32,10:31,2,11,3706,23944,Hadera,Ruppin Academic Center,0
755,821 7 ,0,11:15,10:21,2,9,3238,13281,Ruppin Academic Center,Hadera,0
756,821,0,11:09,10:21,1,9,2901,14258,Ruppin Academic Center,Hadera,0
758,921 74 ,0,11:19,10:32,2,9,2846,13287,Ruppin Academic Center,Hadera,0
759,825 33 ,0,11:07,10:27,2,12,2433,28096,Netanya,Tel Aviv,0
760,825 8 ,0,11:11,10:27,2,10,2658,27554,Netanya,Tel Aviv,0
761,825 49 ,0,11:00,10:27,2,8,1962,28062,Netanya,Tel Aviv,0
764,825,0,11:23,10:40,1,10,2633,32789,Tel Aviv,Netanya,0.2
765,852,0,11:22,10:35,1,17,2879,32804,Tel Aviv,Netanya,0.2
766,650,0,11:17,10:30,1,15,2850,32658,Tel Aviv,Netanya,0.2
767,921,0,13:13,12:27,1,10,2786,13365,Hadera,Ruppin Academic Center,0.45
768,836 705 ,0,12:52,11:58,2,6,3244,22796,Hadera,Ruppin Academic Center,0.45
769,921,0,12:54,12:07,1,10,2847,13365,Hadera,Ruppin Academic Center,0.45
770,921 13 ,0,12:42,12:01,2,9,2465,13274,Hadera,Ruppin Academic Center,0.45
771,921 74 ,0,12:49,12:01,2,9,2905,13287,Hadera,Ruppin Academic Center,0.45
773,650,0,12:38,11:57,1,17,2462,33060,Hadera,Ruppin Academic Center,0.45
774,650 501 ,0,12:37,11:57,2,14,2366,32321,Hadera,Ruppin Academic Center,0.45
775,274 852 ,0,12:38,12:00,2,14,2312,27263,Hadera,Ruppin Academic Center,0.45
779,910,0,12:41,12:00,1,13,2519,32810,Hadera,Ruppin Academic Center,0.45
780,921 852 ,0,12:48,12:01,2,17,2848,16953,Hadera,Ruppin Academic Center,0.45
781,650,0,12:38,11:57,1,17,2462,33060,Hadera,Ruppin Academic Center,0.45
782,650,0,12:45,12:00,1,15,2701,32658,Hadera,Ruppin Academic Center,0.45
783,921,0,14:03,13:17,1,10,2780,13365,Hadera,Ruppin Academic Center,0.39
784,8 921 ,0,14:06,13:04,2,19,3689,15982,Hadera,Ruppin Academic Center,0.39
785,921,0,14:06,13:18,1,10,2840,13365,Hadera,Ruppin Academic Center,0.39
786,705,0,14:28,13:51,1,17,2253,15072,Hadera,Ruppin Academic Center,0.39
787,921,0,15:03,14:17,1,10,2782,13365,Hadera,Ruppin Academic Center,0.44
789,7 921 ,0,15:03,14:05,2,12,3439,14318,Hadera,Ruppin Academic Center,0.44
790,68 921 ,0,15:04,14:00,2,18,3807,16134,Hadera,Ruppin Academic Center,0.44
791,825 705 ,0,15:45,14:55,2,7,2983,22787,Hadera,Ruppin Academic Center,0
792,921,0,15:44,14:56,1,10,2889,13365,Hadera,Ruppin Academic Center,0
793,729 705 ,0,16:22,15:30,2,14,3113,23943,Hadera,Ruppin Academic Center,0
794,921 26 ,0,15:45,14:56,2,11,2938,13370,Hadera,Ruppin Academic Center,0
796,57 74 ,0,18:44,18:05,2,9,2378,13293,Hadera,Ruppin Academic Center,0
801,57 729 ,0,18:53,18:05,2,18,2874,16952,Hadera,Ruppin Academic Center,0
802,57,0,18:39,17:54,1,11,2739,13242,Hadera,Ruppin Academic Center,0
803,921,0,18:40,17:52,1,10,2877,13365,Hadera,Ruppin Academic Center,0
804,650 59 ,0,18:33,17:56,2,10,2250,29676,Hadera,Ruppin Academic Center,0
805,821,0,19:17,18:28,1,9,2948,14258,Hadera,Ruppin Academic Center,0
806,910,0,18:45,17:55,1,13,3035,32810,Hadera,Ruppin Academic Center,0
807,910,0,18:17,17:55,1,14,1361,32280,Hadera,Ruppin Academic Center,0
808,57 26 ,0,18:45,17:54,2,11,3090,13360,Hadera,Ruppin Academic Center,0
810,55 921 ,0,18:40,17:52,2,11,2890,14031,Hadera,Ruppin Academic Center,0
811,921 26 ,0,18:45,17:53,2,11,3095,13370,Hadera,Ruppin Academic Center,0
812,921,0,18:41,17:53,1,10,2877,13365,Hadera,Ruppin Academic Center,0
813,57 26 ,0,18:45,17:54,2,12,3092,13995,Hadera,Ruppin Academic Center,0
814,921,0,18:41,17:53,1,10,2877,13365,Hadera,Ruppin Academic Center,0
815,921,0,19:51,19:04,1,10,2851,13365,Hadera,Ruppin Academic Center,0
816,825 41 ,0,19:53,18:53,2,7,3594,23964,Hadera,Ruppin Academic Center,0
817,921,0,19:51,19:04,1,10,2851,13365,Hadera,Ruppin Academic Center,0
818,57,0,19:44,18:59,1,11,2752,13242,Hadera,Ruppin Academic Center,0
819,650 501 ,1,10:51,10:07,2,14,2643,32324,Hadera,Ruppin Academic Center,0
820,852,1,10:58,10:10,1,17,2932,32804,Hadera,Ruppin Academic Center,0
822,650,1,10:52,10:07,1,17,2685,33060,Hadera,Ruppin Academic Center,0
824,274 825 ,1,11:04,10:20,2,10,2658,27244,Hadera,Ruppin Academic Center,0
825,921,1,11:18,10:32,1,10,2769,13365,Hadera,Ruppin Academic Center,0
826,55 921 ,1,11:17,10:25,2,16,3157,15237,Hadera,Ruppin Academic Center,0
827,821,1,10:55,10:06,1,11,2940,14889,Hadera,Ruppin Academic Center,0
828,49 650 ,1,10:49,10:10,2,8,2382,28392,Hadera,Ruppin Academic Center,0
829,27 921 ,1,11:18,10:31,2,11,2773,13143,Hadera,Ruppin Academic Center,0
830,705 74 ,1,10:49,10:05,2,16,2666,15200,Hadera,Ruppin Academic Center,0
831,650 49 ,1,10:40,10:07,2,6,1968,28062,Hadera,Ruppin Academic Center,0
832,705 706 ,1,11:02,10:05,2,25,3394,18872,Hadera,Ruppin Academic Center,0
833,57 7 ,1,10:54,10:05,2,9,2977,13280,Hadera,Ruppin Academic Center,0
834,705 7 ,1,10:53,10:05,2,23,2856,17031,Hadera,Ruppin Academic Center,0
836,921,1,13:58,13:17,1,10,2514,13365,Hadera,Ruppin Academic Center,0
837,825,1,13:48,13:09,1,12,2344,32273,Hadera,Ruppin Academic Center,0
838,8 921 ,1,13:58,13:04,2,19,3247,15982,Hadera,Ruppin Academic Center,0
839,825 49 ,1,13:40,13:09,2,8,1855,28062,Hadera,Ruppin Academic Center,0
840,921 79 ,1,13:59,13:16,2,9,2580,13287,Hadera,Ruppin Academic Center,0
841,821,1,14:16,13:28,1,9,2896,14258,Hadera,Ruppin Academic Center,0
843,705,1,14:28,13:51,1,17,2253,15072,Hadera,Ruppin Academic Center,0
844,825 705 ,1,14:11,13:09,2,6,3772,22796,Hadera,Ruppin Academic Center,0
845,26 825 ,1,14:08,13:06,2,19,3735,27944,Hadera,Ruppin Academic Center,0
848,8 825 ,1,13:39,13:02,2,8,2240,26972,Hadera,Ruppin Academic Center,0
849,826,1,13:49,13:09,1,13,2438,32273,Hadera,Ruppin Academic Center,0
850,825,1,13:59,13:20,1,10,2360,32783,Hadera,Ruppin Academic Center,0
851,729 705 ,1,15:37,14:50,2,14,2813,23943,Hadera,Ruppin Academic Center,0
852,921,1,14:58,14:17,1,10,2514,13365,Hadera,Ruppin Academic Center,0
853,8 921 ,1,14:58,14:04,2,19,3247,15982,Hadera,Ruppin Academic Center,0
854,705,1,15:19,14:36,1,17,2625,15072,Hadera,Ruppin Academic Center,0
855,921,1,17:58,17:17,1,10,2514,13365,Hadera,Ruppin Academic Center,0
856,729 705 ,1,18:17,17:14,2,13,3823,23949,Hadera,Ruppin Academic Center,0
857,8 921 ,1,17:58,17:04,2,19,3247,15982,Hadera,Ruppin Academic Center,0
858,57,1,18:10,17:24,1,11,2767,13242,Hadera,Ruppin Academic Center,0
859,57 729 ,1,18:56,18:05,2,18,3100,16952,Hadera,Ruppin Academic Center,0
860,51 57 ,1,19:15,18:27,2,12,2912,13908,Hadera,Ruppin Academic Center,0
861,826,1,18:49,18:09,1,13,2438,32273,Hadera,Ruppin Academic Center,0
864,921,1,18:58,18:17,1,10,2514,13365,Hadera,Ruppin Academic Center,0
865,825 49 ,1,18:40,18:08,2,8,1875,28062,Hadera,Ruppin Academic Center,0
866,57 74 ,1,18:44,18:05,2,9,2378,13293,Hadera,Ruppin Academic Center,0
867,57,1,19:15,18:29,1,11,2762,13242,Hadera,Ruppin Academic Center,0
868,8 825 ,1,18:39,18:05,2,8,2060,26972,Hadera,Ruppin Academic Center,0
871,821,1,19:18,18:28,1,9,3006,14258,Hadera,Ruppin Academic Center,0
875,910,2,12:02,11:40,1,14,1361,32282,Hadera,Ruppin Academic Center,0.15
877,650,2,12:18,11:30,1,15,2926,32658,Hadera,Ruppin Academic Center,0.15
878,41 825 ,2,12:28,11:30,2,9,3495,23484,Hadera,Ruppin Academic Center,0.15
879,650 8 ,2,12:11,11:36,2,8,2118,27535,Hadera,Ruppin Academic Center,0.15
880,910,2,12:17,11:30,1,13,2829,32810,Hadera,Ruppin Academic Center,0.15
882,921 26 ,2,12:25,11:27,2,17,3522,17102,Hadera,Ruppin Academic Center,0.15
883,705,2,12:30,11:36,1,16,3295,15062,Hadera,Ruppin Academic Center,0.15
885,825,2,12:19,11:40,1,10,2360,32783,Hadera,Ruppin Academic Center,0.15
886,821 74 ,2,12:19,11:28,2,9,3090,13294,Hadera,Ruppin Academic Center,0.15
887,821,2,12:22,11:28,1,9,3223,14258,Hadera,Ruppin Academic Center,0.15
889,921,2,12:08,11:27,1,10,2514,13365,Hadera,Ruppin Academic Center,0.15
892,825,2,14:19,13:40,1,10,2360,32783,Hadera,Ruppin Academic Center,0.17
893,921 26 ,2,14:30,13:37,2,17,3222,17102,Hadera,Ruppin Academic Center,0.17
895,705,2,14:37,13:51,1,17,2813,15072,Hadera,Ruppin Academic Center,0.17
896,921,2,14:18,13:37,1,10,2514,13365,Hadera,Ruppin Academic Center,0.17
897,51 921 ,2,14:18,13:32,2,11,2799,14032,Hadera,Ruppin Academic Center,0.17
898,910,2,14:02,13:40,1,14,1361,32282,Hadera,Ruppin Academic Center,0.17
900,825,2,14:46,13:57,1,12,2935,32273,Hadera,Ruppin Academic Center,0.17
901,650 49 ,2,14:20,13:43,2,6,2167,28062,Hadera,Ruppin Academic Center,0.17
902,921 74 ,2,14:19,13:36,2,9,2580,13287,Hadera,Ruppin Academic Center,0.17
903,650,2,14:21,13:30,1,15,3083,32658,Hadera,Ruppin Academic Center,0.17
905,921 7א ,2,14:30,13:36,2,16,3218,15118,Hadera,Ruppin Academic Center,0.17
906,921 852 ,2,14:29,13:36,2,17,3149,16953,Hadera,Ruppin Academic Center,0.17
907,821,2,16:35,15:50,1,10,2703,13365,Hadera,Ruppin Academic Center,0
908,705 22 ,2,17:02,15:59,2,17,3789,15329,Hadera,Ruppin Academic Center,0
909,825,2,16:39,16:00,1,10,2360,32783,Hadera,Ruppin Academic Center,0
910,921 26 ,2,16:45,15:57,2,11,2918,13370,Hadera,Ruppin Academic Center,0
911,921,2,16:38,15:57,1,10,2514,13365,Hadera,Ruppin Academic Center,0
912,274 650 ,2,16:27,15:50,2,10,2268,27255,Hadera,Ruppin Academic Center,0
914,705 7 ,2,16:53,15:59,2,16,3274,15187,Hadera,Ruppin Academic Center,0
915,825 26 ,2,16:59,15:49,2,19,4230,28246,Hadera,Ruppin Academic Center,0
917,825,2,16:35,15:50,1,12,2688,32273,Hadera,Ruppin Academic Center,0
918,825 8 ,2,16:27,15:50,2,10,2185,27536,Hadera,Ruppin Academic Center,0
920,921 74 ,2,16:49,16:06,2,9,2582,13287,Hadera,Ruppin Academic Center,0
924,826,3,11:54,11:14,1,13,2381,33105,Hadera,Ruppin Academic Center,0
925,650 282 ,3,12:03,11:18,2,13,2720,31253,Hadera,Ruppin Academic Center,0
927,650 274 ,3,11:56,11:18,2,9,2314,29492,Hadera,Ruppin Academic Center,0
928,921 22 ,3,12:05,11:18,2,10,2790,13425,Hadera,Ruppin Academic Center,0
929,921 74 ,3,12:04,11:18,2,9,2780,13136,Hadera,Ruppin Academic Center,0
930,852 41 ,3,12:18,11:20,2,9,3446,24055,Hadera,Ruppin Academic Center,0
931,710 26 ,3,12:52,11:42,2,25,4196,29418,Hadera,Ruppin Academic Center,0
932,921,3,12:26,11:40,1,10,2814,13531,Hadera,Ruppin Academic Center,0
933,921 729 ,3,12:13,11:18,2,18,3292,17071,Hadera,Ruppin Academic Center,0
935,825,3,12:06,11:20,1,10,2793,32445,Hadera,Ruppin Academic Center,0
936,68 825 ,3,12:05,11:12,2,14,3220,33275,Hadera,Ruppin Academic Center,0
937,11 825 ,3,12:05,11:15,2,13,3021,28995,Hadera,Ruppin Academic Center,0
