id,line,day,arrival,departure,buses,stops,duration,distance,origin,destination,rain
1,undefined ,3,13:00,12:30,1,5,1800,27459,Tel Aviv,Netanya,0
2,undefined ,3,12:54,12:27,1,5,1620,27459,Netanya,Tel Aviv,0
3,undefined 26 ,3,13:50,12:48,2,18,3738,26357,Hadera,Ruppin Academic Center,0
4,821,3,13:38,12:52,1,10,2767,13531,Hadera,Ruppin Academic Center,0
5,910,3,13:12,12:30,1,13,2569,32462,Tel Aviv,Netanya,0
6,852,3,13:17,12:32,1,19,2705,32885,Netanya,Tel Aviv,0
7,825,3,13:23,12:40,1,10,2594,32445,Tel Aviv,Netanya,0
8,650,3,13:16,12:30,1,15,2760,33180,Tel Aviv,Netanya,0
9,821,3,13:16,12:28,1,9,2904,14748,Ruppin Academic Center,Hadera,0
10,921,3,13:28,12:42,1,10,2767,13531,Hadera,Ruppin Academic Center,0
11,826,3,13:19,12:39,1,13,2438,33105,Netanya,Tel Aviv,0
12,852,3,13:17,12:32,1,19,2705,32885,Netanya,Tel Aviv,0
13,41 undefined ,3,13:39,12:55,2,8,2619,21873,Ruppin Academic Center,Hadera,0
14,821 27 ,3,13:25,12:28,2,15,3427,16162,Ruppin Academic Center,Hadera,0
15,921,3,13:28,12:42,1,10,2767,13531,Hadera,Ruppin Academic Center,0
16,821 68 ,3,13:19,12:28,2,9,3090,13385,Ruppin Academic Center,Hadera,0
17,650,3,14:59,14:17,1,17,2511,32878,Netanya,Tel Aviv,0
18,705 947 ,3,15:03,14:12,2,12,3054,24840,Ruppin Academic Center,Hadera,0
19,921,3,15:05,14:17,1,10,2845,13531,Hadera,Ruppin Academic Center,0
20,705,3,15:20,14:36,1,17,2654,15121,Hadera,Ruppin Academic Center,0
21,729 705 ,3,15:37,14:50,2,14,2813,23878,Hadera,Ruppin Academic Center,0
22,705 825 ,3,14:54,14:12,2,8,2505,22260,Ruppin Academic Center,Hadera,0
23,undefined ,3,14:54,14:27,1,5,1620,27459,Netanya,Tel Aviv,0
24,68 705 ,3,15:24,14:12,2,17,4273,15378,Hadera,Ruppin Academic Center,0
25,undefined ,3,15:07,14:38,1,4,1740,27459,Tel Aviv,Netanya,0
26,undefined ,3,15:00,14:30,1,5,1800,27459,Tel Aviv,Netanya,0
27,821,3,15:17,14:28,1,9,2920,14748,Ruppin Academic Center,Hadera,0
28,825,3,15:05,14:20,1,10,2715,32445,Tel Aviv,Netanya,0
29,26 undefined ,3,15:09,14:09,2,18,3558,26970,Ruppin Academic Center,Hadera,0
30,49 650 ,3,14:44,14:10,2,8,2092,30717,Tel Aviv,Netanya,0
31,650 33 ,3,14:52,14:17,2,10,2106,28096,Netanya,Tel Aviv,0
32,825 49 ,3,15:00,14:17,2,8,2527,28171,Netanya,Tel Aviv,0
33,undefined ,3,15:46,15:19,1,4,1620,27459,Netanya,Tel Aviv,0
34,undefined ,3,15:54,15:27,1,5,1620,27459,Netanya,Tel Aviv,0
35,8 921 ,3,16:03,15:04,2,19,3496,15835,Hadera,Ruppin Academic Center,0
36,undefined ,3,16:07,15:38,1,4,1740,27459,Tel Aviv,Netanya,0
37,undefined ,3,15:37,15:08,1,4,1740,27459,Tel Aviv,Netanya,0
38,947 705 ,3,16:29,15:30,2,12,3567,24054,Hadera,Ruppin Academic Center,0
39,852,3,16:13,15:15,1,17,3505,32451,Tel Aviv,Netanya,0
40,650 253 ,3,15:50,15:17,2,8,1988,29079,Netanya,Tel Aviv,0
41,921,3,16:03,15:15,1,10,2843,13531,Hadera,Ruppin Academic Center,0
42,921,3,16:03,15:17,1,10,2813,13531,Hadera,Ruppin Academic Center,0
43,undefined ,3,16:00,15:30,1,5,1800,27459,Tel Aviv,Netanya,0
44,41 undefined ,3,16:09,15:25,2,8,2619,21873,Ruppin Academic Center,Hadera,0
45,705 68 ,3,16:04,15:14,2,16,3033,15416,Ruppin Academic Center,Hadera,0
46,821,3,16:19,15:28,1,9,3042,14748,Ruppin Academic Center,Hadera,0
47,825,3,15:49,15:09,1,12,2357,32138,Netanya,Tel Aviv,0
48,705 729 ,3,16:12,15:14,2,25,3496,19533,Ruppin Academic Center,Hadera,0
49,undefined ,3,17:07,16:38,1,4,1740,27459,Tel Aviv,Netanya,0
50,650,3,17:18,16:35,1,17,2612,32878,Netanya,Tel Aviv,0
51,650 253 ,3,17:05,16:35,2,8,1833,29073,Netanya,Tel Aviv,0
52,821 74 ,3,17:24,16:38,2,9,2795,13385,Ruppin Academic Center,Hadera,0
53,undefined ,3,17:30,17:00,1,5,1800,27459,Tel Aviv,Netanya,0
54,undefined ,3,17:17,16:50,1,4,1620,27459,Netanya,Tel Aviv,0
55,undefined ,3,17:24,16:57,1,5,1620,27459,Netanya,Tel Aviv,0
56,8 852 ,3,17:18,16:35,2,12,2582,26978,Tel Aviv,Netanya,0
57,821,3,17:29,16:38,1,9,3067,14748,Ruppin Academic Center,Hadera,0
58,921 68 ,3,17:34,16:47,2,9,2836,13136,Ruppin Academic Center,Hadera,0
59,51 821 ,3,17:38,16:37,2,11,3657,13511,Hadera,Ruppin Academic Center,0
60,821,3,17:38,16:50,1,10,2917,13531,Hadera,Ruppin Academic Center,0
61,921 49 ,3,17:42,16:47,2,9,3283,13286,Ruppin Academic Center,Hadera,0
62,274 852 ,3,17:18,16:35,2,14,2582,27250,Tel Aviv,Netanya,0
63,undefined 26 ,3,17:56,16:47,2,18,4175,26357,Hadera,Ruppin Academic Center,0
64,821,3,17:38,16:50,1,10,2917,13531,Hadera,Ruppin Academic Center,0
65,921,3,18:25,17:36,1,10,2919,13531,Hadera,Ruppin Academic Center,0
66,821,3,18:41,17:52,1,10,2918,13531,Hadera,Ruppin Academic Center,0
67,921,3,18:25,17:36,1,10,2919,13531,Hadera,Ruppin Academic Center,0
68,undefined 41 ,3,18:50,17:47,2,6,3791,22062,Hadera,Ruppin Academic Center,0
69,821,3,18:34,17:42,1,9,3101,14748,Ruppin Academic Center,Hadera,0
70,825,3,18:28,17:45,1,12,2587,32138,Netanya,Tel Aviv,0
71,41 undefined ,3,19:09,18:05,2,8,3819,21873,Ruppin Academic Center,Hadera,0
72,825 49 ,3,18:20,17:45,2,8,2092,28171,Netanya,Tel Aviv,0
73,821 68 ,3,18:34,17:42,2,9,3138,13385,Ruppin Academic Center,Hadera,0
74,undefined ,3,18:17,17:50,1,4,1620,27459,Netanya,Tel Aviv,0
75,undefined ,3,18:24,17:57,1,5,1620,27459,Netanya,Tel Aviv,0
76,821,3,18:44,17:55,1,10,2916,13531,Hadera,Ruppin Academic Center,0
77,55 821 ,3,18:44,17:52,2,17,3125,15326,Hadera,Ruppin Academic Center,0
78,729 26 ,3,19:38,18:30,2,26,4073,29466,Hadera,Ruppin Academic Center,0
79,852,3,18:40,17:45,1,17,3314,32451,Tel Aviv,Netanya,0
80,undefined ,3,18:30,18:00,1,5,1800,27459,Tel Aviv,Netanya,0
81,undefined ,3,18:37,18:08,1,4,1740,27459,Tel Aviv,Netanya,0
82,821 7 ,3,18:43,17:42,2,16,3633,15376,Ruppin Academic Center,Hadera,0
83,921 26 ,3,18:45,17:56,2,11,2916,13533,Hadera,Ruppin Academic Center,0
84,8 825 ,3,18:26,17:45,2,8,2495,26972,Tel Aviv,Netanya,0
85,undefined ,3,19:37,19:08,1,4,1740,27459,Tel Aviv,Netanya,0
86,852,3,19:33,18:45,1,17,2906,32451,Tel Aviv,Netanya,0
87,undefined ,3,19:30,19:00,1,5,1800,27459,Tel Aviv,Netanya,0
88,921 26 ,3,19:40,18:59,2,11,2439,13533,Hadera,Ruppin Academic Center,0
89,650,3,19:47,19:00,1,15,2877,33180,Tel Aviv,Netanya,0
90,57 26 ,3,19:40,18:59,2,11,2484,13524,Hadera,Ruppin Academic Center,0
91,undefined 26 ,3,19:50,18:47,2,18,3792,26357,Hadera,Ruppin Academic Center,0
92,57 49 ,3,19:42,18:47,2,10,3319,14336,Ruppin Academic Center,Hadera,0
93,650,3,19:28,18:44,1,17,2644,32878,Netanya,Tel Aviv,0
94,26 undefined ,3,20:09,19:16,2,18,3159,26970,Ruppin Academic Center,Hadera,0
95,57 55 ,3,19:44,18:47,2,11,3469,15096,Ruppin Academic Center,Hadera,0
96,undefined ,3,19:17,18:50,1,4,1620,27459,Netanya,Tel Aviv,0
97,821,3,19:40,18:53,1,10,2823,13531,Hadera,Ruppin Academic Center,0
98,57 79 ,3,19:34,18:47,2,9,2872,13385,Ruppin Academic Center,Hadera,0
99,852 49 ,3,19:30,18:48,2,12,2484,28192,Netanya,Tel Aviv,0
100,undefined ,3,19:24,18:57,1,5,1620,27459,Netanya,Tel Aviv,0
101,57 852 ,3,20:48,19:43,2,16,3878,17214,Ruppin Academic Center,Hadera,0
102,26 undefined ,3,21:09,20:11,2,18,3459,26970,Ruppin Academic Center,Hadera,0
103,852,3,20:29,19:45,1,17,2646,32451,Tel Aviv,Netanya,0
104,57 79 ,3,20:34,19:43,2,9,3058,13385,Ruppin Academic Center,Hadera,0
105,650,3,20:43,20:00,1,15,2615,33180,Tel Aviv,Netanya,0
106,274 852 ,3,20:30,19:50,2,14,2450,27250,Tel Aviv,Netanya,0
107,840,3,20:42,20:00,1,11,2579,32445,Tel Aviv,Netanya,0
108,821,3,20:38,19:52,1,10,2780,13531,Hadera,Ruppin Academic Center,0
109,921,3,20:42,19:56,1,10,2780,13531,Hadera,Ruppin Academic Center,0
110,921,3,20:42,19:56,1,10,2780,13531,Hadera,Ruppin Academic Center,0
111,921,3,20:58,20:12,1,10,2759,13531,Hadera,Ruppin Academic Center,0
112,undefined ,3,20:17,19:50,1,4,1620,27459,Netanya,Tel Aviv,0
113,57 68 ,3,20:49,19:55,2,9,3278,13385,Ruppin Academic Center,Hadera,0
114,825,3,20:40,19:59,1,12,2480,32138,Netanya,Tel Aviv,0
115,852,3,20:53,20:06,1,19,2789,32885,Netanya,Tel Aviv,0
116,undefined ,3,20:24,19:57,1,5,1620,27459,Netanya,Tel Aviv,0
117,undefined ,3,21:24,20:58,1,4,1560,27459,Tel Aviv,Netanya,0
118,650,3,21:42,21:00,1,15,2547,33180,Tel Aviv,Netanya,0
119,921 46 ,3,21:56,21:11,2,9,2702,13434,Ruppin Academic Center,Hadera,0
120,605 910 ,3,21:38,20:45,2,14,3184,33189,Tel Aviv,Netanya,0
121,57 7 ,3,21:44,20:57,2,9,2817,13532,Ruppin Academic Center,Hadera,0
122,852,3,21:27,20:45,1,17,2560,32451,Tel Aviv,Netanya,0
123,41 undefined ,3,22:33,21:55,2,8,2259,21875,Ruppin Academic Center,Hadera,0
124,57,3,21:31,20:46,1,11,2744,13407,Hadera,Ruppin Academic Center,0
125,910,3,21:42,21:02,1,14,2389,33129,Netanya,Tel Aviv,0
126,921,3,21:46,21:00,1,10,2753,13531,Hadera,Ruppin Academic Center,0
127,921,3,21:46,21:00,1,10,2753,13531,Hadera,Ruppin Academic Center,0
128,729 46 ,3,22:04,20:50,2,14,4435,25178,Hadera,Ruppin Academic Center,0
129,57 729 ,3,21:51,20:57,2,18,3265,17502,Ruppin Academic Center,Hadera,0
130,852,3,21:55,21:11,1,19,2632,32885,Netanya,Tel Aviv,0
131,852,3,21:55,21:11,1,19,2632,32885,Netanya,Tel Aviv,0
132,910,3,21:42,21:02,1,14,2389,33129,Netanya,Tel Aviv,0
133,41 undefined ,3,22:33,21:55,2,8,2259,21875,Ruppin Academic Center,Hadera,0
134,921 74 ,3,22:34,21:53,2,9,2478,13136,Ruppin Academic Center,Hadera,0
135,821,3,22:55,22:08,1,9,2812,14748,Ruppin Academic Center,Hadera,0
136,825,3,22:24,21:46,1,12,2271,32138,Netanya,Tel Aviv,0
137,921 68 ,3,22:43,21:53,2,17,3017,16818,Ruppin Academic Center,Hadera,0
138,825 8 ,3,22:20,21:46,2,10,2061,27569,Netanya,Tel Aviv,0
139,274 852 ,3,22:30,21:50,2,14,2418,27250,Tel Aviv,Netanya,0
140,852,3,22:28,21:45,1,17,2601,32451,Tel Aviv,Netanya,0
141,910,3,22:40,22:02,1,14,2270,33129,Netanya,Tel Aviv,0
142,undefined ,3,22:24,22:01,1,3,1380,27461,Tel Aviv,Netanya,0
143,601 910 ,3,22:35,21:45,2,21,3027,33212,Tel Aviv,Netanya,0
144,57,3,22:29,21:44,1,11,2715,13407,Hadera,Ruppin Academic Center,0
145,910 33 821 ,3,22:52,21:50,3,8,3728,22893,Hadera,Ruppin Academic Center,0
146,910,3,22:40,22:02,1,14,2270,33129,Netanya,Tel Aviv,0
147,57,3,23:09,22:24,1,11,2717,13407,Hadera,Ruppin Academic Center,0
148,921,3,22:32,21:47,1,10,2725,13531,Hadera,Ruppin Academic Center,0
149,undefined ,4,9:46,9:19,1,4,1620,27459,Netanya,Tel Aviv,0
150,826 49 ,4,9:40,9:05,2,9,2099,28060,Netanya,Tel Aviv,0
151,705 729 ,4,10:12,9:14,2,25,3480,18859,Ruppin Academic Center,Hadera,0
152,undefined ,4,9:54,9:27,1,5,1620,27459,Netanya,Tel Aviv,0
153,705 22 ,4,10:05,9:14,2,17,3044,15329,Ruppin Academic Center,Hadera,0
154,57 7 ,4,9:54,9:05,2,9,2983,13280,Ruppin Academic Center,Hadera,0
155,826,4,9:44,9:05,1,13,2384,32271,Netanya,Tel Aviv,0
156,921,4,10:02,9:12,1,10,2979,13365,Hadera,Ruppin Academic Center,0
157,821,4,9:57,9:07,1,10,2980,13365,Hadera,Ruppin Academic Center,0
158,921,4,10:02,9:12,1,10,2979,13365,Hadera,Ruppin Academic Center,0
159,57,4,10:06,9:19,1,11,2817,13242,Hadera,Ruppin Academic Center,0
160,705 79 ,4,9:59,9:14,2,16,2733,15200,Ruppin Academic Center,Hadera,0
161,undefined ,4,9:37,9:08,1,4,1740,27459,Tel Aviv,Netanya,0
162,910,4,9:57,9:15,1,13,2541,32811,Tel Aviv,Netanya,0
163,11 825 ,4,9:43,9:05,2,8,2317,27102,Tel Aviv,Netanya,0
164,undefined ,4,10:00,9:30,1,5,1800,27459,Tel Aviv,Netanya,0
165,825,4,10:47,10:05,1,12,2483,32270,Netanya,Tel Aviv,0
166,undefined ,4,10:54,10:27,1,5,1620,27459,Netanya,Tel Aviv,0
167,825 49 ,4,10:40,10:05,2,8,2055,28059,Netanya,Tel Aviv,0
168,8 825 ,4,10:40,10:04,2,8,2183,26977,Tel Aviv,Netanya,0
169,650 253 ,4,10:50,10:16,2,8,2071,29150,Netanya,Tel Aviv,0
170,undefined ,4,11:00,10:30,1,5,1800,27459,Tel Aviv,Netanya,0
171,501 852 ,4,10:56,10:05,2,16,3119,32668,Tel Aviv,Netanya,0
172,705 74 ,4,10:49,10:06,2,16,2579,15200,Ruppin Academic Center,Hadera,0
173,705 7 ,4,10:55,10:06,2,23,2905,17031,Ruppin Academic Center,Hadera,0
174,705 706 ,4,11:02,10:06,2,25,3321,18872,Ruppin Academic Center,Hadera,0
175,26 undefined ,4,11:09,10:11,2,18,3459,26333,Ruppin Academic Center,Hadera,0
176,821,4,11:02,10:14,1,10,2879,13365,Hadera,Ruppin Academic Center,0
177,852,4,10:56,10:10,1,17,2765,32804,Tel Aviv,Netanya,0
178,921,4,11:02,10:14,1,10,2880,13365,Hadera,Ruppin Academic Center,0
179,821,4,11:02,10:14,1,10,2879,13365,Hadera,Ruppin Academic Center,0
180,921,4,11:02,10:14,1,10,2880,13365,Hadera,Ruppin Academic Center,0
181,undefined ,4,12:00,11:30,1,5,1800,27459,Tel Aviv,Netanya,0
182,825 253 ,4,11:46,11:11,2,12,2133,29163,Netanya,Tel Aviv,0
183,825 635 ,4,11:58,11:11,2,12,2822,32112,Netanya,Tel Aviv,0
184,undefined ,4,11:54,11:27,1,5,1620,27459,Netanya,Tel Aviv,0
185,825,4,11:49,11:11,1,12,2330,32270,Netanya,Tel Aviv,0
186,605,4,12:11,11:10,1,27,3693,33277,Tel Aviv,Netanya,0
187,825,4,12:02,11:20,1,10,2539,32789,Tel Aviv,Netanya,0
188,921 79 ,4,11:59,11:18,2,9,2504,13287,Ruppin Academic Center,Hadera,0
189,26 undefined ,4,12:09,11:06,2,18,3759,26333,Ruppin Academic Center,Hadera,0
190,921,4,12:00,11:12,1,10,2880,13365,Hadera,Ruppin Academic Center,0
191,undefined 41 ,4,12:18,11:17,2,6,3683,22062,Hadera,Ruppin Academic Center,0
192,650,4,12:15,11:30,1,15,2756,32661,Tel Aviv,Netanya,0
193,921,4,12:13,11:27,1,10,2784,13365,Hadera,Ruppin Academic Center,0
194,921 74 ,4,12:04,11:18,2,9,2804,13287,Ruppin Academic Center,Hadera,0
195,821,4,12:17,11:28,1,9,2919,14258,Ruppin Academic Center,Hadera,0
196,921,4,12:00,11:12,1,10,2880,13365,Hadera,Ruppin Academic Center,0
197,undefined ,4,13:00,12:30,1,5,1800,27459,Tel Aviv,Netanya,0
198,605,4,13:12,12:10,1,27,3740,33277,Tel Aviv,Netanya,0
199,729 26 ,4,13:38,12:10,2,25,5273,29275,Hadera,Ruppin Academic Center,0
200,501 852 ,4,13:08,12:15,2,16,3190,32668,Tel Aviv,Netanya,0
201,821,4,12:54,12:05,1,10,2917,13365,Hadera,Ruppin Academic Center,0
202,825,4,13:03,12:20,1,10,2613,32789,Tel Aviv,Netanya,0
203,826,4,12:49,12:09,1,13,2438,32269,Netanya,Tel Aviv,0
204,826,4,12:51,12:12,1,13,2343,32269,Netanya,Tel Aviv,0
205,921 22 ,4,13:05,12:19,2,10,2726,13416,Ruppin Academic Center,Hadera,0
206,26 undefined ,4,13:09,12:06,2,18,3759,26333,Ruppin Academic Center,Hadera,0
207,705 79 ,4,12:59,12:05,2,15,3240,15189,Ruppin Academic Center,Hadera,0
208,921,4,13:01,12:12,1,10,2916,13365,Hadera,Ruppin Academic Center,0
209,821,4,12:54,12:05,1,10,2917,13365,Hadera,Ruppin Academic Center,0
210,910,4,12:49,12:09,1,14,2420,32276,Netanya,Tel Aviv,0
211,821,4,13:17,12:28,1,9,2947,14258,Ruppin Academic Center,Hadera,0
212,910,4,12:49,12:09,1,14,2420,32276,Netanya,Tel Aviv,0
213,650,4,13:58,13:17,1,17,2466,33058,Netanya,Tel Aviv,0
214,33 825 ,4,14:06,13:18,2,12,2893,28467,Tel Aviv,Netanya,0
215,undefined ,4,14:00,13:30,1,5,1800,27459,Tel Aviv,Netanya,0
216,825,4,14:11,13:31,1,12,2392,32270,Netanya,Tel Aviv,0
217,825,4,14:06,13:20,1,10,2771,32789,Tel Aviv,Netanya,0
218,650 8 ,4,13:52,13:17,2,8,2089,27533,Netanya,Tel Aviv,0
219,undefined ,4,13:54,13:27,1,5,1620,27459,Netanya,Tel Aviv,0
220,921 68 ,4,14:04,13:20,2,9,2674,13287,Ruppin Academic Center,Hadera,0
221,51 921 ,4,14:20,13:32,2,11,2880,14031,Hadera,Ruppin Academic Center,0
222,921 729 ,4,14:15,13:20,2,18,3280,16953,Ruppin Academic Center,Hadera,0
223,821,4,14:19,13:28,1,9,3055,14258,Ruppin Academic Center,Hadera,0
224,921 22 ,4,14:05,13:20,2,10,2712,13416,Ruppin Academic Center,Hadera,0
225,501 852 ,4,14:10,13:15,2,16,3312,32668,Tel Aviv,Netanya,0
226,921,4,14:20,13:30,1,10,2980,13365,Hadera,Ruppin Academic Center,0
227,710 26 ,4,14:51,13:36,2,25,4496,29220,Hadera,Ruppin Academic Center,0
228,921,4,14:24,13:37,1,10,2836,13365,Hadera,Ruppin Academic Center,0
229,undefined ,4,16:00,15:30,1,5,1800,27459,Tel Aviv,Netanya,0
230,undefined ,4,15:37,15:08,1,4,1740,27459,Tel Aviv,Netanya,0
231,852,4,15:51,14:55,1,17,3370,32804,Tel Aviv,Netanya,0
232,705 825 ,4,15:38,14:57,2,8,2506,22144,Ruppin Academic Center,Hadera,0
233,undefined ,4,15:30,15:00,1,5,1800,27459,Tel Aviv,Netanya,0
234,41 undefined ,4,16:09,15:25,2,8,2619,21873,Ruppin Academic Center,Hadera,0
235,821,4,16:20,15:28,1,9,3117,14258,Ruppin Academic Center,Hadera,0
236,921,4,15:40,14:51,1,10,2956,13365,Hadera,Ruppin Academic Center,0
237,821 26 ,4,15:45,14:57,2,11,2886,13370,Hadera,Ruppin Academic Center,0
238,921,4,16:01,15:12,1,10,2956,13365,Hadera,Ruppin Academic Center,0
239,921,4,16:04,15:17,1,10,2830,13365,Hadera,Ruppin Academic Center,0
240,undefined ,4,15:24,14:57,1,5,1620,27459,Netanya,Tel Aviv,0
241,705 130 undefined ,4,15:39,14:57,3,8,2513,21882,Ruppin Academic Center,Hadera,0
242,826 8 ,4,15:29,14:52,2,11,2230,27531,Netanya,Tel Aviv,0
243,825 282 ,4,15:36,14:52,2,15,2649,31325,Netanya,Tel Aviv,0
244,826,4,15:33,14:52,1,13,2457,32269,Netanya,Tel Aviv,0
245,undefined ,4,19:00,18:30,1,5,1800,27459,Tel Aviv,Netanya,0
246,710 26 ,4,19:49,18:41,2,25,4103,29220,Hadera,Ruppin Academic Center,0
247,undefined ,4,19:07,18:38,1,4,1740,27459,Tel Aviv,Netanya,0
248,921 8 ,4,19:09,18:31,2,9,2295,13274,Ruppin Academic Center,Hadera,0
249,921,4,19:12,18:24,1,10,2868,13365,Hadera,Ruppin Academic Center,0
250,51 921 ,4,19:16,18:27,2,11,2976,14031,Hadera,Ruppin Academic Center,0
251,921,4,19:16,18:29,1,10,2868,13365,Hadera,Ruppin Academic Center,0
252,821,4,19:32,18:43,1,9,2923,14258,Ruppin Academic Center,Hadera,0
253,921 852 ,4,19:18,18:31,2,17,2873,16953,Ruppin Academic Center,Hadera,0
254,921 68 ,4,19:19,18:31,2,9,2928,13287,Ruppin Academic Center,Hadera,0
255,undefined ,4,19:17,18:50,1,4,1620,27459,Netanya,Tel Aviv,0
256,825,4,19:25,18:40,1,10,2742,32789,Tel Aviv,Netanya,0
257,undefined ,4,18:54,18:27,1,5,1620,27459,Netanya,Tel Aviv,0
258,825,4,19:18,18:36,1,12,2543,32270,Netanya,Tel Aviv,0
259,undefined ,4,19:24,18:57,1,5,1620,27459,Netanya,Tel Aviv,0
260,852,4,19:18,18:30,1,17,2906,32804,Tel Aviv,Netanya,0
261,921,5,11:20,10:35,1,10,2719,13365,Hadera,Ruppin Academic Center,0
262,825,5,11:01,10:20,1,10,2500,32783,Tel Aviv,Netanya,0
263,910,5,11:03,10:26,1,14,2227,32282,Netanya,Tel Aviv,0
264,26 921 22 ,5,11:21,10:36,3,11,2718,13427,Ruppin Academic Center,Hadera,0
265,821 79 ,5,11:34,10:48,2,9,2790,13294,Ruppin Academic Center,Hadera,0
266,921 13 ,5,11:41,10:54,2,9,2826,13274,Ruppin Academic Center,Hadera,0
267,921,5,11:32,10:47,1,10,2719,13365,Hadera,Ruppin Academic Center,0
268,41 947 ,5,12:12,10:55,2,13,4614,25113,Ruppin Academic Center,Hadera,0
269,821,5,11:35,10:50,1,10,2719,13365,Hadera,Ruppin Academic Center,0
270,821,5,11:35,10:50,1,10,2719,13365,Hadera,Ruppin Academic Center,0
271,821 7 ,5,11:37,10:48,2,14,2972,15093,Ruppin Academic Center,Hadera,0
272,825,5,11:41,11:00,1,10,2513,32783,Tel Aviv,Netanya,0
273,605 852 ,5,11:32,10:45,2,14,2860,32658,Tel Aviv,Netanya,0
274,68 852 ,5,11:37,10:45,2,20,3124,33131,Tel Aviv,Netanya,0
275,910,5,11:32,10:50,1,13,2549,32810,Tel Aviv,Netanya,0
276,910,5,11:22,10:45,1,14,2234,32282,Netanya,Tel Aviv,0
277,910,5,11:22,10:45,1,14,2234,32282,Netanya,Tel Aviv,0
278,852,5,11:30,10:48,1,19,2518,33043,Netanya,Tel Aviv,0
279,57,5,11:31,10:46,1,11,2756,13242,Hadera,Ruppin Academic Center,0
280,825,5,11:20,10:43,1,12,2187,32273,Netanya,Tel Aviv,0
281,26 825 ,5,14:23,13:06,2,19,4603,27944,Ruppin Academic Center,Hadera,0
282,55 921 ,5,13:46,12:57,2,11,2923,14031,Hadera,Ruppin Academic Center,0
283,921,5,13:46,12:59,1,10,2795,13365,Hadera,Ruppin Academic Center,0
284,921 729 ,5,13:38,12:41,2,18,3476,16953,Ruppin Academic Center,Hadera,0
285,921,5,13:27,12:41,1,10,2795,13365,Hadera,Ruppin Academic Center,0
286,921 74 ,5,13:24,12:41,2,9,2631,13287,Ruppin Academic Center,Hadera,0
287,921 79 ,5,13:34,12:41,2,9,3231,13287,Ruppin Academic Center,Hadera,0
288,274 852 ,5,13:23,12:40,2,14,2633,27250,Tel Aviv,Netanya,0
289,825,5,13:23,12:42,1,12,2478,32273,Netanya,Tel Aviv,0
290,825,5,13:39,12:40,1,10,3558,32783,Tel Aviv,Netanya,0
291,825 138 ,5,13:17,12:42,2,10,2110,29677,Netanya,Tel Aviv,0
292,33 852 ,5,13:23,12:40,2,14,2633,28514,Tel Aviv,Netanya,0
293,8 852 ,5,13:23,12:40,2,12,2633,26978,Tel Aviv,Netanya,0
294,7א 921 ,5,13:27,12:34,2,10,3164,13226,Hadera,Ruppin Academic Center,0
295,826,5,13:44,12:57,1,13,2792,32273,Netanya,Tel Aviv,0
296,826 601 ,5,13:41,12:57,2,20,2594,32322,Netanya,Tel Aviv,0
297,826,5,17:08,16:33,1,13,2084,32273,Netanya,Tel Aviv,0
298,821,5,17:17,16:31,1,10,2753,13365,Hadera,Ruppin Academic Center,0
299,826,5,17:08,16:33,1,13,2084,32273,Netanya,Tel Aviv,0
300,821,5,17:17,16:31,1,10,2753,13365,Hadera,Ruppin Academic Center,0
301,921,5,17:27,16:41,1,10,2752,13365,Hadera,Ruppin Academic Center,0
302,921 852 ,5,17:26,16:32,2,10,3240,14034,Ruppin Academic Center,Hadera,0
303,852,5,17:12,16:30,1,17,2559,32804,Tel Aviv,Netanya,0
304,825,5,17:27,16:42,1,12,2660,32273,Netanya,Tel Aviv,0
305,921,5,17:27,16:41,1,10,2752,13365,Hadera,Ruppin Academic Center,0
306,921 825 ,5,17:35,16:32,2,16,3810,22191,Ruppin Academic Center,Hadera,0
307,852,5,17:27,16:45,1,17,2558,32804,Tel Aviv,Netanya,0
308,825,6,16:09,15:30,1,10,2360,32783,Tel Aviv,Netanya,0
309,852,5,17:40,16:59,1,19,2498,33043,Netanya,Tel Aviv,0
310,921 840 ,5,18:52,17:26,2,16,5144,22191,Ruppin Academic Center,Hadera,0
311,852,5,17:42,17:00,1,17,2558,32804,Tel Aviv,Netanya,0
312,74 921 ,0,10:48,9:45,2,17,3771,15839,Hadera,Ruppin Academic Center,0
313,852,0,10:29,9:41,1,19,2898,33049,Netanya,Tel Aviv,0
314,921,0,10:48,10:02,1,10,2813,13365,Hadera,Ruppin Academic Center,0
315,825,0,10:36,9:53,1,12,2573,32273,Netanya,Tel Aviv,0
316,852 49 ,0,10:20,9:41,2,12,2344,28077,Netanya,Tel Aviv,0
317,26 921 ,0,10:48,9:53,2,12,3288,14644,Hadera,Ruppin Academic Center,0
318,852,0,10:32,9:45,1,17,2823,32804,Tel Aviv,Netanya,0
319,852 8 ,0,10:20,9:41,2,14,2364,27551,Netanya,Tel Aviv,0
320,650,0,10:34,9:48,1,15,2817,32658,Tel Aviv,Netanya,0
321,49 825 ,0,10:22,9:50,2,8,1976,28382,Tel Aviv,Netanya,0
322,910,0,10:41,10:00,1,13,2519,32810,Tel Aviv,Netanya,0
323,821,0,10:30,9:43,1,9,2837,14258,Ruppin Academic Center,Hadera,0
324,821 7 ,0,10:33,9:43,2,14,3034,15093,Ruppin Academic Center,Hadera,0
325,821 79 ,0,10:29,9:43,2,9,2790,13294,Ruppin Academic Center,Hadera,0
326,undefined 41 ,0,10:45,9:47,2,6,3486,22062,Hadera,Ruppin Academic Center,0
327,705 729 ,0,10:51,9:59,2,25,3158,18859,Ruppin Academic Center,Hadera,0
328,825,0,13:21,12:40,1,10,2517,32785,Tel Aviv,Netanya,0
329,821,0,13:35,12:50,1,10,2703,13365,Hadera,Ruppin Academic Center,0
330,921 26 ,0,13:40,12:57,2,11,2616,13370,Hadera,Ruppin Academic Center,0
331,41 989 ,0,14:03,12:55,2,10,4094,24085,Ruppin Academic Center,Hadera,0
332,910,0,13:27,12:45,1,13,2528,32810,Tel Aviv,Netanya,0
333,836 26 ,0,13:50,12:43,2,19,4016,28123,Hadera,Ruppin Academic Center,0
334,910,0,13:02,12:40,1,14,1361,32282,Netanya,Tel Aviv,0
335,274 650 ,0,13:14,12:40,2,10,2051,27268,Tel Aviv,Netanya,0
336,921 79 ,0,13:29,12:46,2,9,2580,13287,Ruppin Academic Center,Hadera,0
337,921 74 ,0,13:34,12:46,2,10,2880,14256,Ruppin Academic Center,Hadera,0
338,137 10 650 ,0,13:14,12:40,3,7,2051,25621,Tel Aviv,Netanya,0
339,836 24 ,0,13:42,12:43,2,6,3534,23781,Hadera,Ruppin Academic Center,0
340,708,0,13:47,12:55,1,11,3102,14264,Ruppin Academic Center,Hadera,0
341,852,0,13:37,12:55,1,19,2564,33043,Netanya,Tel Aviv,0
342,825 49 ,0,13:20,12:49,2,8,1860,28062,Netanya,Tel Aviv,0
343,852,0,13:48,13:05,1,19,2627,33043,Netanya,Tel Aviv,0
344,650 271 ,0,17:00,16:13,2,14,2788,31197,Netanya,Tel Aviv,0
345,825,0,17:08,16:20,1,10,2923,32785,Tel Aviv,Netanya,0
346,650,0,17:11,16:20,1,15,3102,32658,Tel Aviv,Netanya,0
347,947 606 ,0,17:16,16:23,2,29,3166,32405,Netanya,Tel Aviv,0
348,49 825 ,0,16:46,16:10,2,8,2168,28382,Tel Aviv,Netanya,0
349,910,0,17:02,16:40,1,14,1361,32282,Netanya,Tel Aviv,0
350,650 49 ,0,17:00,16:13,2,6,2767,28062,Netanya,Tel Aviv,0
351,921,0,17:18,16:37,1,10,2514,13365,Hadera,Ruppin Academic Center,0
352,729 41 ,0,17:32,16:10,2,12,4892,24197,Hadera,Ruppin Academic Center,0
353,921 8 ,0,17:10,16:26,2,9,2614,13274,Ruppin Academic Center,Hadera,0
354,921 49 ,0,17:13,16:26,2,13,2778,15850,Ruppin Academic Center,Hadera,0
355,821,0,17:25,16:28,1,9,3423,14258,Ruppin Academic Center,Hadera,0
356,852,0,17:07,16:15,1,17,3123,32804,Tel Aviv,Netanya,0
357,26 undefined ,0,17:09,16:16,2,18,3159,26318,Ruppin Academic Center,Hadera,0
358,705,0,17:12,16:21,1,16,3111,15062,Hadera,Ruppin Academic Center,0
359,921,0,16:58,16:17,1,10,2514,13365,Hadera,Ruppin Academic Center,0
360,274 605 ,0,23:58,22:59,2,24,3589,27887,Tel Aviv,Netanya,0
361,852,1,0:13,23:30,1,17,2618,32804,Tel Aviv,Netanya,0
362,910,1,0:01,23:20,1,13,2519,32810,Tel Aviv,Netanya,0
363,910,1,0:25,23:40,1,14,2741,32282,Netanya,Tel Aviv,0
364,501 910 ,1,0:05,23:10,2,15,3316,32664,Tel Aviv,Netanya,0
365,840,1,0:05,23:30,1,12,2073,32280,Netanya,Tel Aviv,0
366,910,1,0:45,0:00,1,14,2741,32282,Netanya,Tel Aviv,0
367,921 840 ,1,0:15,23:17,2,16,3498,22191,Ruppin Academic Center,Hadera,0
368,840,1,0:05,23:30,1,12,2073,32280,Netanya,Tel Aviv,0
369,921 7 ,1,0:11,23:17,2,16,3243,15118,Ruppin Academic Center,Hadera,0
370,729 46 ,1,0:03,23:05,2,14,3444,25127,Hadera,Ruppin Academic Center,0
371,57 14א ,0,23:58,23:05,2,14,3182,14859,Ruppin Academic Center,Hadera,0
372,921,0,23:55,23:10,1,10,2693,13365,Hadera,Ruppin Academic Center,0
373,57,1,0:06,23:21,1,11,2697,13242,Hadera,Ruppin Academic Center,0
374,821,1,0:15,23:28,1,9,2827,14258,Ruppin Academic Center,Hadera,0
375,921,0,23:55,23:10,1,10,2693,13365,Hadera,Ruppin Academic Center,0
376,650,1,10:47,10:00,1,15,2828,32658,Tel Aviv,Netanya,0
377,274 825 ,1,10:44,10:00,2,10,2653,27249,Tel Aviv,Netanya,0
378,852,1,10:56,10:10,1,17,2816,32804,Tel Aviv,Netanya,0
379,826,1,11:00,10:09,1,13,3046,32269,Netanya,Tel Aviv,0
380,826 253 ,1,10:51,10:09,2,13,2512,29162,Netanya,Tel Aviv,0
381,852 253 ,1,10:50,10:14,2,14,2171,29163,Netanya,Tel Aviv,0
382,921 26 ,1,11:25,10:32,2,17,3222,17096,Hadera,Ruppin Academic Center,0
383,7 821 ,1,10:56,10:00,2,10,3405,13226,Hadera,Ruppin Academic Center,0
384,825,1,10:42,10:00,1,10,2566,32789,Tel Aviv,Netanya,0
385,921,1,10:48,10:02,1,10,2772,13365,Hadera,Ruppin Academic Center,0
386,705 729 ,1,10:52,9:59,2,25,3187,18859,Ruppin Academic Center,Hadera,0
387,705 22 ,1,11:04,9:59,2,17,3936,15329,Ruppin Academic Center,Hadera,0
388,57 7 ,1,10:54,10:05,2,9,2968,13280,Ruppin Academic Center,Hadera,0
389,705 7 ,1,10:44,9:59,2,16,2723,15187,Ruppin Academic Center,Hadera,0
390,821,1,10:56,10:06,1,11,2944,14889,Hadera,Ruppin Academic Center,0
391,605,1,11:05,10:00,1,32,3913,33057,Netanya,Tel Aviv,0
392,821,1,13:36,12:46,1,11,2966,14889,Hadera,Ruppin Academic Center,0
393,947 708 ,1,13:41,12:31,2,10,4179,23944,Hadera,Ruppin Academic Center,0
394,705,1,13:28,12:36,1,16,3122,15062,Hadera,Ruppin Academic Center,0
395,825,1,13:23,12:40,1,10,2594,32789,Tel Aviv,Netanya,0
396,501 825 ,1,13:25,12:35,2,11,3018,32659,Tel Aviv,Netanya,0
397,921 26 ,1,13:40,12:57,2,11,2613,13370,Hadera,Ruppin Academic Center,0
398,274 825 ,1,13:24,12:40,2,10,2681,27249,Tel Aviv,Netanya,0
399,501 852 ,1,13:26,12:35,2,18,3064,32667,Tel Aviv,Netanya,0
400,41 989 ,1,13:49,12:55,2,10,3248,24085,Ruppin Academic Center,Hadera,0
401,921 74 ,1,13:34,12:46,2,9,2880,13287,Ruppin Academic Center,Hadera,0
402,708,1,13:46,12:55,1,11,3057,14264,Ruppin Academic Center,Hadera,0
403,708 7 ,1,13:43,12:55,2,9,2881,13281,Ruppin Academic Center,Hadera,0
404,825,1,13:27,12:37,1,12,2947,32267,Netanya,Tel Aviv,0
405,826,1,13:27,12:39,1,13,2915,32269,Netanya,Tel Aviv,0
406,650 49 ,1,13:20,12:43,2,6,2167,28062,Netanya,Tel Aviv,0
407,605,1,13:45,12:40,1,32,3904,33057,Netanya,Tel Aviv,0
408,825 49 ,1,17:40,16:57,2,8,2527,28056,Netanya,Tel Aviv,0
409,821,1,17:36,16:46,1,11,2956,14889,Hadera,Ruppin Academic Center,0
410,57,1,17:31,16:46,1,11,2752,13242,Hadera,Ruppin Academic Center,0
411,921 852 ,1,17:49,16:51,2,17,3448,16953,Ruppin Academic Center,Hadera,0
412,825,1,17:51,16:57,1,12,3204,32267,Netanya,Tel Aviv,0
413,650 33 ,1,17:34,16:53,2,10,2425,28096,Netanya,Tel Aviv,0
414,921 49 ,1,17:42,16:51,2,9,3027,13436,Ruppin Academic Center,Hadera,0
415,921,1,17:43,16:57,1,10,2785,13365,Hadera,Ruppin Academic Center,0
416,605 49 ,1,17:40,16:45,2,24,3306,28823,Netanya,Tel Aviv,0
417,852,1,17:48,16:55,1,17,3233,32804,Tel Aviv,Netanya,0
418,821,1,18:19,17:28,1,9,3059,14258,Ruppin Academic Center,Hadera,0
419,852,1,17:38,16:45,1,17,3230,32804,Tel Aviv,Netanya,0
420,821 26 ,1,17:41,16:50,2,17,3088,17096,Hadera,Ruppin Academic Center,0
421,8 825 ,1,17:23,16:45,2,8,2338,26977,Tel Aviv,Netanya,0
422,921 11א ,1,17:56,16:51,2,18,3862,15957,Ruppin Academic Center,Hadera,0
423,910,1,17:39,16:50,1,13,2967,32810,Tel Aviv,Netanya,0
424,650 274 ,2,11:38,10:59,2,11,2300,31057,Netanya,Tel Aviv,0
425,921,2,11:48,11:02,1,10,2782,13365,Hadera,Ruppin Academic Center,0
426,821,2,11:41,10:51,1,11,2951,14889,Hadera,Ruppin Academic Center,0
427,921 729 ,2,12:13,11:16,2,18,3376,16953,Ruppin Academic Center,Hadera,0
428,852,2,11:49,11:04,1,19,2710,33049,Netanya,Tel Aviv,0
429,41 947 ,2,12:42,11:30,2,13,4314,25113,Ruppin Academic Center,Hadera,0
430,13א 921 ,2,11:49,10:55,2,10,3202,13226,Hadera,Ruppin Academic Center,0
431,852,2,11:40,10:55,1,17,2756,32804,Tel Aviv,Netanya,0
432,821 26 ,2,11:40,10:55,2,11,2725,13370,Hadera,Ruppin Academic Center,0
433,825,2,11:42,11:00,1,10,2542,32789,Tel Aviv,Netanya,0
434,650,2,11:41,10:59,1,17,2496,33060,Netanya,Tel Aviv,0
435,274 852 ,2,11:40,11:00,2,14,2443,27263,Tel Aviv,Netanya,0
436,650,2,11:45,11:00,1,15,2707,32661,Tel Aviv,Netanya,0
437,650 8 ,2,11:33,10:59,2,8,2014,27535,Netanya,Tel Aviv,0
438,921 74 ,2,12:04,11:16,2,9,2880,13287,Ruppin Academic Center,Hadera,0
439,821,2,12:16,11:28,1,9,2868,14258,Ruppin Academic Center,Hadera,0
440,51 921 ,2,16:18,15:32,2,11,2757,14032,Hadera,Ruppin Academic Center,0
441,41 825 ,2,16:28,15:26,2,9,3705,23484,Ruppin Academic Center,Hadera,0
442,821 27 ,2,16:21,15:28,2,15,3214,15672,Ruppin Academic Center,Hadera,0
443,729 705 ,2,16:29,15:30,2,14,3533,23943,Hadera,Ruppin Academic Center,0
444,41 undefined ,2,16:09,15:26,2,8,2529,21873,Ruppin Academic Center,Hadera,0
445,821,2,16:18,15:28,1,9,3020,14258,Ruppin Academic Center,Hadera,0
446,650 8 ,2,15:58,15:24,2,8,2020,27535,Netanya,Tel Aviv,0
447,650 49 ,2,16:00,15:24,2,6,2133,28062,Netanya,Tel Aviv,0
448,49 650 ,2,16:08,15:30,2,8,2315,28395,Tel Aviv,Netanya,0
449,825,2,16:19,15:40,1,10,2360,32789,Tel Aviv,Netanya,0
450,650 253 ,2,15:56,15:24,2,8,1914,29158,Netanya,Tel Aviv,0
451,910,2,16:02,15:40,1,14,1361,32282,Netanya,Tel Aviv,0
452,921,2,16:18,15:37,1,10,2514,13365,Hadera,Ruppin Academic Center,0
453,271 650 ,2,16:08,15:24,2,17,2675,31293,Tel Aviv,Netanya,0
454,8 650 ,2,16:08,15:28,2,8,2435,26987,Tel Aviv,Netanya,0
455,852 705 ,2,16:30,15:37,2,9,3201,22888,Hadera,Ruppin Academic Center,0
