1,921,5,17:13,16:31,1,10,2566,13531,Hadera,Ruppin Academic Center,0
2,821,5,17:13,16:28,1,10,2709,14478,Hadera,Ruppin Academic Center,0
3,947 921 ,5,17:08,16:19,2,8,2920,28149,Hadera,Ruppin Academic Center,0
4,921,5,17:13,16:31,1,10,2566,13531,Hadera,Ruppin Academic Center,0
5,921,5,16:33,15:51,1,10,2566,13531,Hadera,Ruppin Academic Center,0
6,821,0,7:54,6:53,1,10,3674,14478,Hadera,Ruppin Academic Center,0
7,705,0,7:58,7:06,1,17,3129,15072,Hadera,Ruppin Academic Center,0
8,921,0,7:52,6:56,1,10,3373,13531,Hadera,Ruppin Academic Center,0
9,947 24 ,0,7:38,6:44,2,9,3235,24840,Hadera,Ruppin Academic Center,0
10,921 26 ,0,8:56,8:01,2,17,3322,17261,Hadera,Ruppin Academic Center,0
11,705,0,8:34,7:51,1,17,2625,15072,Hadera,Ruppin Academic Center,0
12,947 705 ,0,8:07,7:29,2,10,2271,23849,Hadera,Ruppin Academic Center,0
13,821,0,8:58,8:03,1,10,3328,14478,Hadera,Ruppin Academic Center,0
14,705,0,9:19,8:36,1,17,2614,15072,Hadera,Ruppin Academic Center,0
15,921,0,9:19,8:31,1,10,2902,13531,Hadera,Ruppin Academic Center,0
16,710 705 ,0,9:05,8:16,2,11,2937,22967,Hadera,Ruppin Academic Center,0
17,51 705 ,0,9:19,8:27,2,17,3111,15247,Hadera,Ruppin Academic Center,0
18,61 921 ,0,13:08,12:26,2,11,2518,14032,Hadera,Ruppin Academic Center,0
19,821,0,13:23,12:38,1,10,2709,14478,Hadera,Ruppin Academic Center,0
20,921 26 ,0,13:26,12:26,2,17,3647,17261,Hadera,Ruppin Academic Center,0
21,921,0,13:08,12:26,1,10,2566,13531,Hadera,Ruppin Academic Center,0
22,27 821 ,0,14:23,13:38,2,10,2691,13018,Hadera,Ruppin Academic Center,0
23,821,0,14:23,13:38,1,10,2709,14478,Hadera,Ruppin Academic Center,0
24,921,0,14:18,13:36,1,10,2566,13531,Hadera,Ruppin Academic Center,0
25,27 921 ,0,14:18,13:38,2,11,2411,13135,Hadera,Ruppin Academic Center,0
26,947 26 ,0,18:54,17:52,2,22,3718,29306,Hadera,Ruppin Academic Center,0
27,8 921 ,0,18:58,18:04,2,19,3237,15982,Hadera,Ruppin Academic Center,0
28,921,0,18:58,18:16,1,10,2566,13531,Hadera,Ruppin Academic Center,0
29,947 41 ,0,18:47,17:52,2,8,3300,23727,Hadera,Ruppin Academic Center,0
30,980 24 ,0,19:47,18:48,2,6,3535,23781,Hadera,Ruppin Academic Center,0
31,57,0,19:45,18:59,1,11,2808,13242,Hadera,Ruppin Academic Center,0
32,710 24 ,0,19:47,18:48,2,12,3511,24881,Hadera,Ruppin Academic Center,0
33,710 41 ,0,19:55,18:48,2,13,3990,25123,Hadera,Ruppin Academic Center,0
34,705,1,7:54,7:06,1,17,2923,15072,Hadera,Ruppin Academic Center,0
35,729 705 ,1,8:01,7:05,2,12,3340,23020,Hadera,Ruppin Academic Center,0
36,undefined 24 ,1,7:38,6:45,2,5,3222,21877,Hadera,Ruppin Academic Center,0
37,921 705 ,1,7:45,6:56,2,11,2989,13421,Hadera,Ruppin Academic Center,0
38,13א 705 ,1,8:40,7:44,2,17,3390,14798,Hadera,Ruppin Academic Center,0
39,705,1,8:38,7:51,1,17,2876,15072,Hadera,Ruppin Academic Center,0
40,27 705 ,1,8:38,7:46,2,18,3121,14850,Hadera,Ruppin Academic Center,0
41,55 705 ,1,8:38,7:52,2,12,2748,14008,Hadera,Ruppin Academic Center,0
42,57,1,9:36,8:49,1,11,2851,13242,Hadera,Ruppin Academic Center,0
43,729 705 ,1,9:41,8:45,2,14,3356,23943,Hadera,Ruppin Academic Center,0
44,57 26 ,1,9:35,8:49,2,11,2801,13360,Hadera,Ruppin Academic Center,0
45,undefined 26 ,1,9:46,8:45,2,18,3677,26342,Hadera,Ruppin Academic Center,0
1018,821 26 ,3,11:40,10:55,2,11,2727,13370,Hadera,Ruppin Academic Center,0
1019,947 26 ,3,11:50,10:45,2,20,3877,28007,Hadera,Ruppin Academic Center,0
1020,921,3,12:09,11:16,1,10,3225,13531,Hadera,Ruppin Academic Center,0
1021,undefined 26 ,3,11:50,10:45,2,18,3956,26342,Hadera,Ruppin Academic Center,0
1022,undefined 26 ,3,12:51,11:45,2,18,3980,26342,Hadera,Ruppin Academic Center,0
1023,947 26 ,3,12:50,11:43,2,22,3992,29306,Hadera,Ruppin Academic Center,0
1024,921 26 ,3,12:40,11:56,2,11,2670,13535,Hadera,Ruppin Academic Center,0
1025,921,3,12:43,11:56,1,10,2854,13531,Hadera,Ruppin Academic Center,0
1026,921 26 ,3,16:45,15:58,2,11,2844,13535,Hadera,Ruppin Academic Center,0
1027,921,3,16:43,15:56,1,10,2866,13531,Hadera,Ruppin Academic Center,0
1028,921,3,16:48,15:58,1,10,2976,13531,Hadera,Ruppin Academic Center,0
1029,947 705 ,3,16:31,15:40,2,10,3081,23849,Hadera,Ruppin Academic Center,0
1030,921,3,16:23,15:33,1,10,2999,13531,Hadera,Ruppin Academic Center,0
1031,947 705 ,3,16:30,15:40,2,9,3023,23852,Hadera,Ruppin Academic Center,0
1032,undefined 131 705 ,3,16:26,15:18,3,7,4103,22197,Hadera,Ruppin Academic Center,0
1033,51 921 ,3,16:23,15:27,2,11,3343,14031,Hadera,Ruppin Academic Center,0
1034,710 24 ,4,7:24,6:28,2,10,3328,23957,Hadera,Ruppin Academic Center,0
1035,708,4,7:13,6:23,1,13,3011,14783,Hadera,Ruppin Academic Center,0
1036,921,4,7:17,6:30,1,10,2795,13531,Hadera,Ruppin Academic Center,0
1037,708,4,7:13,6:23,1,13,3011,14783,Hadera,Ruppin Academic Center,0
1038,705,4,8:35,7:51,1,17,2678,15072,Hadera,Ruppin Academic Center,0
1039,27 705 ,4,8:35,7:46,2,18,2923,14850,Hadera,Ruppin Academic Center,0
1040,821,4,8:14,7:27,1,10,2803,13365,Hadera,Ruppin Academic Center,0
1041,821,4,8:14,7:27,1,10,2803,13365,Hadera,Ruppin Academic Center,0
1042,51 705 ,4,9:19,8:27,2,17,3127,15247,Hadera,Ruppin Academic Center,0
1043,705,4,9:20,8:36,1,17,2670,15072,Hadera,Ruppin Academic Center,0
1044,729 705 ,4,9:42,8:45,2,14,3412,23943,Hadera,Ruppin Academic Center,0
1045,921,4,9:10,8:22,1,10,2895,13531,Hadera,Ruppin Academic Center,0
1046,729 705 ,4,10:30,9:30,2,12,3557,23020,Hadera,Ruppin Academic Center,0
1047,980 705 ,4,10:30,9:38,2,7,3091,22789,Hadera,Ruppin Academic Center,0
1048,947 705 ,4,10:29,9:41,2,10,2850,23846,Hadera,Ruppin Academic Center,0
1049,57,4,10:25,9:39,1,11,2778,13242,Hadera,Ruppin Academic Center,0
1050,55 705 ,4,11:27,10:25,2,22,3768,16938,Hadera,Ruppin Academic Center,0
1051,27 921 ,4,11:33,10:45,2,11,2887,13135,Hadera,Ruppin Academic Center,0
1052,729 26 ,4,11:49,10:30,2,26,4721,29400,Hadera,Ruppin Academic Center,0
1053,705,4,11:29,10:36,1,16,3188,15062,Hadera,Ruppin Academic Center,0
1054,852 41 ,4,12:18,11:21,2,9,3390,24059,Hadera,Ruppin Academic Center,0
1055,8 921 ,4,12:27,11:37,2,11,2999,13760,Hadera,Ruppin Academic Center,0
1056,729 26 ,4,12:49,11:30,2,26,4703,29400,Hadera,Ruppin Academic Center,0
1057,921,4,12:27,11:38,1,10,2947,13531,Hadera,Ruppin Academic Center,0
1058,8 921 ,4,13:33,12:37,2,11,3415,13760,Hadera,Ruppin Academic Center,0
1059,705,4,13:28,12:36,1,16,3139,15062,Hadera,Ruppin Academic Center,0
1060,947 26 ,4,13:49,12:39,2,22,4200,29303,Hadera,Ruppin Academic Center,0
1061,921,4,13:33,12:45,1,10,2927,13531,Hadera,Ruppin Academic Center,0
1062,27 921 ,4,14:20,13:35,2,11,2738,13135,Hadera,Ruppin Academic Center,0
1063,921,4,14:20,13:31,1,10,2943,13531,Hadera,Ruppin Academic Center,0
1064,27 705 ,4,14:35,13:35,2,18,3605,14850,Hadera,Ruppin Academic Center,0
1065,51 921 ,4,14:20,13:32,2,11,2922,14031,Hadera,Ruppin Academic Center,0
1066,1 705 ,4,15:21,14:29,2,17,3112,14933,Hadera,Ruppin Academic Center,0
1067,921 705 ,4,15:17,14:30,2,11,2784,13433,Hadera,Ruppin Academic Center,0
1068,947 705 ,4,15:46,14:41,2,10,3919,23846,Hadera,Ruppin Academic Center,0
1069,705,4,15:19,14:36,1,17,2631,15072,Hadera,Ruppin Academic Center,0
1070,51 921 ,4,16:23,15:27,2,11,3373,14031,Hadera,Ruppin Academic Center,0
1071,947 705 ,4,16:32,15:39,2,9,3139,23849,Hadera,Ruppin Academic Center,0
1072,921,4,16:24,15:36,1,10,2886,13531,Hadera,Ruppin Academic Center,0
1073,729 705 ,4,16:33,15:30,2,14,3738,23943,Hadera,Ruppin Academic Center,0
1074,705,4,17:13,16:21,1,16,3163,15062,Hadera,Ruppin Academic Center,0
1075,27 921 ,4,17:25,16:34,2,11,3029,13135,Hadera,Ruppin Academic Center,0
1076,921,4,17:14,16:23,1,10,3088,13531,Hadera,Ruppin Academic Center,0
1077,921,4,17:14,16:23,1,10,3088,13531,Hadera,Ruppin Academic Center,0
1078,825 705 ,4,18:18,17:17,2,6,3650,22796,Hadera,Ruppin Academic Center,0
1079,821,4,18:25,17:37,1,10,2885,13365,Hadera,Ruppin Academic Center,0
1080,57,4,18:10,17:24,1,11,2773,13242,Hadera,Ruppin Academic Center,0
1081,921,4,18:15,17:24,1,10,3060,13531,Hadera,Ruppin Academic Center,0
1082,263 57 ,5,0:51,23:28,2,18,4950,38411,Hadera,Ruppin Academic Center,0
1083,921,5,0:12,23:25,1,10,2846,13531,Hadera,Ruppin Academic Center,0
1084,57,5,0:36,23:51,1,11,2744,13242,Hadera,Ruppin Academic Center,0
1085,821,5,0:10,23:24,1,10,2743,13365,Hadera,Ruppin Academic Center,0
1086,836 705 ,0,12:51,11:58,2,6,3205,22796,Hadera,Ruppin Academic Center,0
1087,947 26 ,0,12:49,11:40,2,20,4176,27880,Hadera,Ruppin Academic Center,0
1088,921,0,12:38,11:56,1,10,2566,13531,Hadera,Ruppin Academic Center,0
1089,921 26 ,0,12:40,11:56,2,11,2673,13535,Hadera,Ruppin Academic Center,0
1090,825,0,12:58,12:16,1,12,2538,32272,Netanya,Tel Aviv,0
1091,undefined ,0,12:54,12:27,1,5,1620,27459,Netanya,Tel Aviv,0
1092,826,0,12:49,12:09,1,13,2438,32273,Netanya,Tel Aviv,0
1093,825 49 ,0,13:00,12:17,2,8,2527,28061,Netanya,Tel Aviv,0
1094,921,0,13:58,13:16,1,10,2566,13531,Hadera,Ruppin Academic Center,0
1095,undefined 26 ,0,13:49,12:45,2,18,3885,26219,Hadera,Ruppin Academic Center,0
1096,8 921 ,0,13:58,13:04,2,19,3237,15982,Hadera,Ruppin Academic Center,0
1097,921 26 ,0,13:40,12:56,2,11,2672,13535,Hadera,Ruppin Academic Center,0
1098,921,1,11:48,11:01,1,10,2854,13531,Hadera,Ruppin Academic Center,0
1099,undefined 26 ,1,11:50,10:45,2,18,3956,26342,Hadera,Ruppin Academic Center,0
1100,947 26 ,1,11:50,10:44,2,20,3928,28007,Hadera,Ruppin Academic Center,0
1101,821 26 ,1,11:40,10:55,2,11,2736,13370,Hadera,Ruppin Academic Center,0
1102,undefined 26 ,1,15:57,14:45,2,18,4346,26342,Hadera,Ruppin Academic Center,0
1103,921,1,15:58,15:16,1,10,2566,13531,Hadera,Ruppin Academic Center,0
1104,729 705 ,1,15:45,14:54,2,12,3062,23020,Hadera,Ruppin Academic Center,0
1105,8 921 ,1,15:58,15:04,2,19,3237,15982,Hadera,Ruppin Academic Center,0
1106,947 821 ,1,18:14,17:14,2,8,3547,28149,Hadera,Ruppin Academic Center,0
1107,921,1,17:58,17:16,1,10,2566,13531,Hadera,Ruppin Academic Center,0
1108,8 921 ,1,17:58,17:04,2,19,3237,15982,Hadera,Ruppin Academic Center,0
1109,57,1,18:10,17:24,1,11,2767,13242,Hadera,Ruppin Academic Center,0
1110,729 26 ,1,17:55,16:48,2,26,4021,29400,Hadera,Ruppin Academic Center,0
1111,8 921 ,1,17:58,17:04,2,19,3237,15982,Hadera,Ruppin Academic Center,0
1112,947 26 ,1,17:54,16:44,2,20,4178,28007,Hadera,Ruppin Academic Center,0
1113,921,1,17:58,17:16,1,10,2566,13531,Hadera,Ruppin Academic Center,0
1114,57,1,19:14,18:29,1,11,2752,13242,Hadera,Ruppin Academic Center,0
1115,921,1,19:23,18:41,1,10,2566,13531,Hadera,Ruppin Academic Center,0
1116,710 26 ,1,19:49,18:44,2,25,3868,29347,Hadera,Ruppin Academic Center,0
1117,51 921 ,1,19:23,18:31,2,11,3135,14032,Hadera,Ruppin Academic Center,0
1118,921,1,20:23,19:41,1,10,2566,13531,Hadera,Ruppin Academic Center,0
1119,57 26 ,1,20:31,19:39,2,17,3159,17096,Hadera,Ruppin Academic Center,0
1120,947 57 ,1,20:37,19:39,2,14,3422,39848,Hadera,Ruppin Academic Center,0
1121,821,1,20:35,19:50,1,10,2703,13365,Hadera,Ruppin Academic Center,0
1122,57,1,21:31,20:46,1,11,2754,13242,Hadera,Ruppin Academic Center,0
1123,57,1,21:09,20:24,1,11,2755,13242,Hadera,Ruppin Academic Center,0
1124,undefined 41 ,1,21:16,20:32,2,6,2640,22064,Hadera,Ruppin Academic Center,0
1125,921,1,21:33,20:51,1,10,2566,13531,Hadera,Ruppin Academic Center,0
1126,57,1,23:06,22:24,1,11,2569,13242,Hadera,Ruppin Academic Center,0
1127,821,1,22:35,21:50,1,10,2703,13365,Hadera,Ruppin Academic Center,0
1128,921,1,22:28,21:46,1,10,2566,13531,Hadera,Ruppin Academic Center,0
1129,57,1,22:09,21:24,1,11,2716,13242,Hadera,Ruppin Academic Center,0
1130,57,1,23:36,22:51,1,11,2737,13242,Hadera,Ruppin Academic Center,0
1131,821,1,23:35,22:50,1,10,2703,13365,Hadera,Ruppin Academic Center,0
1132,921,1,23:48,23:06,1,10,2566,13531,Hadera,Ruppin Academic Center,0
1133,57,1,23:09,22:24,1,11,2738,13242,Hadera,Ruppin Academic Center,0
1134,980 41 ,2,5:43,1:09,2,7,16462,23973,Hadera,Ruppin Academic Center,0
1135,57,2,0:36,23:51,1,11,2720,13242,Hadera,Ruppin Academic Center,0
1136,60 57 ,2,0:38,23:40,2,11,3475,13909,Hadera,Ruppin Academic Center,0
1137,910 233 921 ,2,0:45,23:28,3,8,4613,22912,Hadera,Ruppin Academic Center,0
1138,921,2,9:18,8:31,1,10,2870,13531,Hadera,Ruppin Academic Center,0
1139,13א 705 ,2,9:21,8:29,2,17,3126,14798,Hadera,Ruppin Academic Center,0
1140,729 705 ,2,9:44,8:45,2,14,3505,23943,Hadera,Ruppin Academic Center,0
1141,705,2,9:19,8:36,1,17,2618,15072,Hadera,Ruppin Academic Center,0
1142,729 705 ,2,10:31,9:30,2,12,3621,23020,Hadera,Ruppin Academic Center,0
1143,921,2,10:18,9:31,1,10,2879,13531,Hadera,Ruppin Academic Center,0
1144,821,2,10:21,9:31,1,11,2979,14889,Hadera,Ruppin Academic Center,0
1145,57,2,10:25,9:39,1,11,2760,13242,Hadera,Ruppin Academic Center,0
1146,729 26 ,2,11:50,10:30,2,26,4745,29400,Hadera,Ruppin Academic Center,0
1147,921,2,11:18,10:31,1,10,2868,13531,Hadera,Ruppin Academic Center,0
1148,27 921 ,2,11:18,10:31,2,11,2810,13135,Hadera,Ruppin Academic Center,0
1149,27 921 26 ,2,11:26,10:31,3,18,3294,16865,Hadera,Ruppin Academic Center,0
1150,undefined 26 ,2,11:50,10:45,2,18,3936,26342,Hadera,Ruppin Academic Center,0.83
1151,undefined 26 ,2,11:50,10:45,2,18,3936,26342,Hadera,Ruppin Academic Center,0.83
1152,729 705 ,2,12:50,11:50,2,13,3566,23949,Hadera,Ruppin Academic Center,1.04
1153,921 26 ,2,12:40,11:56,2,11,2671,13535,Hadera,Ruppin Academic Center,1.04
1154,undefined 26 ,2,12:50,11:45,2,18,3925,26342,Hadera,Ruppin Academic Center,1.04
1155,921,2,12:43,11:56,1,10,2848,13531,Hadera,Ruppin Academic Center,1.04
1156,705,2,13:28,12:36,1,16,3127,15062,Hadera,Ruppin Academic Center,0
1157,947 921 ,2,13:28,12:39,2,8,2920,28149,Hadera,Ruppin Academic Center,0
1158,undefined 26 ,2,13:49,12:45,2,18,3891,26342,Hadera,Ruppin Academic Center,0
1159,821,2,13:35,12:50,1,10,2703,13365,Hadera,Ruppin Academic Center,0
1160,729 705 ,2,15:37,14:50,2,14,2813,23943,Hadera,Ruppin Academic Center,0
1161,8 921 ,2,14:58,14:04,2,19,3237,15982,Hadera,Ruppin Academic Center,0
1162,921,2,14:58,14:16,1,10,2566,13531,Hadera,Ruppin Academic Center,0
1163,705,2,15:19,14:36,1,17,2585,15072,Hadera,Ruppin Academic Center,0
1164,947 26 ,4,14:47,13:54,2,20,3189,27883,Hadera,Ruppin Academic Center,0
1165,921,4,14:50,14:00,1,10,3004,13531,Hadera,Ruppin Academic Center,0
1166,705,4,14:37,13:55,1,17,2539,15072,Hadera,Ruppin Academic Center,0
1167,729 26 ,4,14:47,13:50,2,24,3420,28354,Hadera,Ruppin Academic Center,0
1168,947 41 ,4,17:28,16:19,2,8,4150,23727,Hadera,Ruppin Academic Center,0
1169,921,4,17:25,16:36,1,10,2941,13531,Hadera,Ruppin Academic Center,0
1170,821,4,17:20,16:31,1,10,2932,13365,Hadera,Ruppin Academic Center,0
1171,27 921 ,4,17:25,16:41,2,11,2630,13135,Hadera,Ruppin Academic Center,0
1172,7 57 ,4,18:12,17:17,2,11,3270,13102,Hadera,Ruppin Academic Center,0
1173,716,4,18:22,17:31,1,10,3064,13407,Hadera,Ruppin Academic Center,0
1174,57,4,18:10,17:24,1,11,2796,13242,Hadera,Ruppin Academic Center,0
1175,921,4,18:04,17:16,1,10,2922,13531,Hadera,Ruppin Academic Center,0
1176,821,4,19:15,18:26,1,10,2950,13365,Hadera,Ruppin Academic Center,0
1177,55 821 ,4,19:15,18:14,2,11,3686,14032,Hadera,Ruppin Academic Center,0
1178,51 921 ,4,19:13,18:27,2,11,2782,14031,Hadera,Ruppin Academic Center,0
1179,57 26 ,4,19:36,18:29,2,17,4058,17093,Hadera,Ruppin Academic Center,0
1180,921,4,20:23,19:34,1,10,2963,13531,Hadera,Ruppin Academic Center,0
1181,57,4,20:00,19:14,1,11,2771,13242,Hadera,Ruppin Academic Center,0
1182,27 921 ,4,20:23,19:31,2,11,3136,13135,Hadera,Ruppin Academic Center,0
1183,57,4,20:25,19:39,1,11,2773,13242,Hadera,Ruppin Academic Center,0
1184,57,4,22:29,21:44,1,11,2747,13242,Hadera,Ruppin Academic Center,0
1185,921,4,22:33,21:46,1,10,2831,13531,Hadera,Ruppin Academic Center,0
1186,921,4,21:51,21:03,1,10,2873,13531,Hadera,Ruppin Academic Center,0
1187,57,4,22:09,21:24,1,11,2747,13242,Hadera,Ruppin Academic Center,0
1188,821,4,22:35,21:46,1,11,2916,14889,Hadera,Ruppin Academic Center,0
1189,57,4,22:29,21:44,1,11,2731,13242,Hadera,Ruppin Academic Center,0
1190,921,4,22:32,21:46,1,10,2815,13531,Hadera,Ruppin Academic Center,0
1191,57,4,22:09,21:24,1,11,2731,13242,Hadera,Ruppin Academic Center,0
1192,827 705 ,0,8:05,7:16,2,8,2921,22831,Hadera,Ruppin Academic Center,0
1193,921,0,8:28,7:31,1,10,3444,13531,Hadera,Ruppin Academic Center,0
1194,undefined 26 ,0,8:13,7:17,2,18,3369,26342,Hadera,Ruppin Academic Center,0
1195,821,0,8:26,7:26,1,11,3544,14889,Hadera,Ruppin Academic Center,0
1196,947 705 ,0,9:04,7:58,2,10,3933,23849,Hadera,Ruppin Academic Center,0
1197,821,0,9:03,8:15,1,10,2914,13365,Hadera,Ruppin Academic Center,0
1198,705,0,9:21,8:36,1,17,2726,15072,Hadera,Ruppin Academic Center,0
1199,16 57 ,0,9:08,8:13,2,13,3310,13137,Hadera,Ruppin Academic Center,0
1200,undefined 241 705 ,0,10:25,9:17,3,7,4129,22197,Hadera,Ruppin Academic Center,0
1201,821,0,10:23,9:31,1,11,3109,14889,Hadera,Ruppin Academic Center,0
1202,947 705 ,0,10:29,9:34,2,10,3270,23849,Hadera,Ruppin Academic Center,0
1203,57,0,10:07,9:19,1,11,2914,13242,Hadera,Ruppin Academic Center,0
1204,60 921 ,0,11:18,10:21,2,13,3450,15469,Hadera,Ruppin Academic Center,0
1205,921,0,11:19,10:31,1,10,2901,13531,Hadera,Ruppin Academic Center,0
1206,undefined 26 ,0,11:54,10:48,2,18,3993,26342,Hadera,Ruppin Academic Center,0
1207,55 921 ,0,11:18,10:25,2,16,3198,15237,Hadera,Ruppin Academic Center,0
1208,947 26 ,1,11:50,10:43,2,22,3992,29306,Hadera,Ruppin Academic Center,0
1209,921 26 ,1,11:40,11:01,2,11,2376,13535,Hadera,Ruppin Academic Center,0
1210,921,1,11:43,11:01,1,10,2566,13531,Hadera,Ruppin Academic Center,0
1211,undefined 26 ,1,11:51,10:48,2,18,3780,26342,Hadera,Ruppin Academic Center,0
1212,980 705 ,1,15:45,14:54,2,7,3063,22789,Hadera,Ruppin Academic Center,0
1213,947 705 ,1,15:44,14:41,2,10,3802,23849,Hadera,Ruppin Academic Center,0
1214,921,1,15:58,15:16,1,10,2566,13531,Hadera,Ruppin Academic Center,0
1215,8 921 ,1,15:58,15:04,2,19,3237,15982,Hadera,Ruppin Academic Center,0
1216,921,1,17:58,17:16,1,10,2566,13531,Hadera,Ruppin Academic Center,0
1217,8 921 ,1,17:58,17:04,2,19,3237,15982,Hadera,Ruppin Academic Center,0
1218,921,1,17:38,16:56,1,10,2566,13531,Hadera,Ruppin Academic Center,0
1219,921 26 ,1,17:45,16:56,2,11,2988,13535,Hadera,Ruppin Academic Center,0
1220,947 821 ,1,19:14,18:10,2,8,3810,28149,Hadera,Ruppin Academic Center,0
1221,921 26 ,1,18:45,17:56,2,11,2968,13535,Hadera,Ruppin Academic Center,0
1222,921,1,18:58,18:16,1,10,2566,13531,Hadera,Ruppin Academic Center,0
1223,921,1,18:38,17:56,1,10,2566,13531,Hadera,Ruppin Academic Center,0
1224,729 41 ,1,19:54,18:56,2,12,3481,24197,Hadera,Ruppin Academic Center,0
1225,57,1,19:45,18:59,1,11,2795,13242,Hadera,Ruppin Academic Center,0
1226,921,1,19:53,19:11,1,10,2566,13531,Hadera,Ruppin Academic Center,0
1227,57,1,20:00,19:14,1,11,2796,13242,Hadera,Ruppin Academic Center,0
1228,undefined 41 ,1,21:16,20:27,2,6,2999,22064,Hadera,Ruppin Academic Center,0
1229,921,1,20:53,20:11,1,10,2566,13531,Hadera,Ruppin Academic Center,0
1230,57,1,21:09,20:24,1,11,2725,13242,Hadera,Ruppin Academic Center,0
1231,947 41 ,1,21:16,20:18,2,8,3492,23727,Hadera,Ruppin Academic Center,0
1232,57,1,22:09,21:24,1,11,2731,13242,Hadera,Ruppin Academic Center,0
1233,980 46 ,1,22:05,21:04,2,7,3659,23973,Hadera,Ruppin Academic Center,0
1234,729 46 ,1,22:04,20:59,2,14,3890,25127,Hadera,Ruppin Academic Center,0
1235,729 39 921 ,1,21:53,20:59,3,11,3241,23048,Hadera,Ruppin Academic Center,0
1236,57,1,23:09,22:24,1,11,2704,13242,Hadera,Ruppin Academic Center,0
1237,57,1,23:33,22:51,1,11,2569,13242,Hadera,Ruppin Academic Center,0
1238,710 241 921 ,1,23:25,22:22,3,13,3801,25220,Hadera,Ruppin Academic Center,0
1239,55 57 ,1,23:10,22:22,2,12,2864,13908,Hadera,Ruppin Academic Center,0
1240,41 947 ,2,12:36,11:30,2,11,3941,25008,Ruppin Academic Center,Hadera,0
1241,26 705 79 ,2,12:59,12:06,3,16,3213,15200,Ruppin Academic Center,Hadera,0
1242,705 79 ,2,12:59,12:05,2,15,3240,15189,Ruppin Academic Center,Hadera,0
1243,821,2,12:16,11:28,1,9,2885,14258,Ruppin Academic Center,Hadera,0
1244,821,3,10:27,9:33,1,11,3250,14889,Hadera,Ruppin Academic Center,0.67
1245,57 26 ,3,10:31,9:39,2,17,3151,17096,Hadera,Ruppin Academic Center,0.67
1246,947 26 ,3,10:52,9:41,2,22,4239,29306,Hadera,Ruppin Academic Center,0.67
1247,947 26 ,3,10:52,9:41,2,22,4239,29306,Hadera,Ruppin Academic Center,0.67
1248,57,3,10:25,9:39,1,11,2770,13242,Hadera,Ruppin Academic Center,0.67
1249,57,3,10:25,9:39,1,11,2770,13242,Hadera,Ruppin Academic Center,0.67
1250,57 26 ,3,10:31,9:39,2,17,3151,17096,Hadera,Ruppin Academic Center,0.67
1251,821,3,10:27,9:33,1,11,3250,14889,Hadera,Ruppin Academic Center,0.67
1252,705,3,14:35,13:51,1,17,2687,15072,Hadera,Ruppin Academic Center,0
1253,821,3,14:38,13:51,1,10,2823,13365,Hadera,Ruppin Academic Center,0
1254,821 26 ,3,14:40,13:51,2,11,2937,13370,Hadera,Ruppin Academic Center,0
1255,921 26 ,3,14:41,13:50,2,11,3020,13525,Hadera,Ruppin Academic Center,0
1256,729 705 ,3,15:46,14:50,2,12,3355,23020,Hadera,Ruppin Academic Center,0
1257,821 26 ,3,15:45,14:58,2,11,2839,13370,Hadera,Ruppin Academic Center,0
1258,825 705 ,3,15:46,14:42,2,7,3856,22789,Hadera,Ruppin Academic Center,0
1259,821,3,15:47,14:58,1,10,2923,13365,Hadera,Ruppin Academic Center,0
1260,921,4,12:30,11:42,1,10,2904,13531,Hadera,Ruppin Academic Center,0
1261,8 921 ,4,12:30,11:37,2,11,3224,13760,Hadera,Ruppin Academic Center,0
1262,947 26 ,4,12:50,11:42,2,22,4091,29306,Hadera,Ruppin Academic Center,0
1263,705,4,12:27,11:36,1,16,3114,15062,Hadera,Ruppin Academic Center,0
1264,821,4,12:42,11:55,1,10,2831,13365,Hadera,Ruppin Academic Center,0
1265,825 705 ,4,12:51,11:51,2,6,3650,22796,Hadera,Ruppin Academic Center,0
1266,821 26 ,4,12:40,11:55,2,11,2716,13370,Hadera,Ruppin Academic Center,0
1267,729 705 ,4,12:50,11:50,2,13,3597,23949,Hadera,Ruppin Academic Center,0
1268,705,0,11:28,10:36,1,16,3124,15062,Hadera,Ruppin Academic Center,0
1269,27 705 ,0,11:28,10:31,2,17,3369,14840,Hadera,Ruppin Academic Center,0
1270,947 705 ,0,11:32,10:31,2,11,3706,23944,Hadera,Ruppin Academic Center,0
1271,undefined 26 ,0,11:51,10:48,2,18,3838,26219,Hadera,Ruppin Academic Center,0
1272,821 7 ,0,11:15,10:21,2,9,3238,13281,Ruppin Academic Center,Hadera,0
1273,821,0,11:09,10:21,1,9,2901,14258,Ruppin Academic Center,Hadera,0
1274,41 undefined ,0,11:39,10:35,2,8,3819,21873,Ruppin Academic Center,Hadera,0
1275,921 74 ,0,11:19,10:32,2,9,2846,13287,Ruppin Academic Center,Hadera,0
1276,825 33 ,0,11:07,10:27,2,12,2433,28096,Netanya,Tel Aviv,0
1277,825 8 ,0,11:11,10:27,2,10,2658,27554,Netanya,Tel Aviv,0
1278,825 49 ,0,11:00,10:27,2,8,1962,28062,Netanya,Tel Aviv,0
1279,undefined ,0,10:54,10:27,1,5,1620,27459,Netanya,Tel Aviv,0
1280,undefined ,0,11:00,10:30,1,5,1800,27459,Tel Aviv,Netanya,0.2
1281,825,0,11:23,10:40,1,10,2633,32789,Tel Aviv,Netanya,0.2
1282,852,0,11:22,10:35,1,17,2879,32804,Tel Aviv,Netanya,0.2
1283,650,0,11:17,10:30,1,15,2850,32658,Tel Aviv,Netanya,0.2
1284,921,0,13:13,12:27,1,10,2786,13365,Hadera,Ruppin Academic Center,0.45
1285,836 705 ,0,12:52,11:58,2,6,3244,22796,Hadera,Ruppin Academic Center,0.45
1286,921,0,12:54,12:07,1,10,2847,13365,Hadera,Ruppin Academic Center,0.45
1287,921 13 ,0,12:42,12:01,2,9,2465,13274,Hadera,Ruppin Academic Center,0.45
1288,921 74 ,0,12:49,12:01,2,9,2905,13287,Hadera,Ruppin Academic Center,0.45
1289,undefined 26 ,0,13:38,12:48,2,18,3052,26219,Hadera,Ruppin Academic Center,0.45
1290,650,0,12:38,11:57,1,17,2462,33060,Hadera,Ruppin Academic Center,0.45
1291,650 501 ,0,12:37,11:57,2,14,2366,32321,Hadera,Ruppin Academic Center,0.45
1292,274 852 ,0,12:38,12:00,2,14,2312,27263,Hadera,Ruppin Academic Center,0.45
1293,26 undefined ,0,13:09,12:06,2,18,3759,26318,Hadera,Ruppin Academic Center,0.45
1294,undefined ,0,12:24,11:57,1,5,1620,27459,Hadera,Ruppin Academic Center,0.45
1295,undefined ,0,12:30,12:01,1,5,1740,27459,Hadera,Ruppin Academic Center,0.45
1296,910,0,12:41,12:00,1,13,2519,32810,Hadera,Ruppin Academic Center,0.45
1297,921 852 ,0,12:48,12:01,2,17,2848,16953,Hadera,Ruppin Academic Center,0.45
1298,650,0,12:38,11:57,1,17,2462,33060,Hadera,Ruppin Academic Center,0.45
1299,650,0,12:45,12:00,1,15,2701,32658,Hadera,Ruppin Academic Center,0.45
1300,921,0,14:03,13:17,1,10,2780,13365,Hadera,Ruppin Academic Center,0.39
1301,8 921 ,0,14:06,13:04,2,19,3689,15982,Hadera,Ruppin Academic Center,0.39
1302,921,0,14:06,13:18,1,10,2840,13365,Hadera,Ruppin Academic Center,0.39
1303,705,0,14:28,13:51,1,17,2253,15072,Hadera,Ruppin Academic Center,0.39
1304,921,0,15:03,14:17,1,10,2782,13365,Hadera,Ruppin Academic Center,0.44
1305,undefined 26 ,0,15:43,14:48,2,18,3352,26219,Hadera,Ruppin Academic Center,0.44
1306,7 921 ,0,15:03,14:05,2,12,3439,14318,Hadera,Ruppin Academic Center,0.44
1307,68 921 ,0,15:04,14:00,2,18,3807,16134,Hadera,Ruppin Academic Center,0.44
1308,825 705 ,0,15:45,14:55,2,7,2983,22787,Hadera,Ruppin Academic Center,0
1309,921,0,15:44,14:56,1,10,2889,13365,Hadera,Ruppin Academic Center,0
1310,729 705 ,0,16:22,15:30,2,14,3113,23943,Hadera,Ruppin Academic Center,0
1311,921 26 ,0,15:45,14:56,2,11,2938,13370,Hadera,Ruppin Academic Center,0
1312,undefined ,0,18:30,18:00,1,5,1800,27459,Hadera,Ruppin Academic Center,0
1313,57 74 ,0,18:44,18:05,2,9,2378,13293,Hadera,Ruppin Academic Center,0
1314,undefined ,0,18:37,18:08,1,4,1740,27459,Hadera,Ruppin Academic Center,0
1315,undefined ,0,18:24,17:57,1,5,1620,27459,Hadera,Ruppin Academic Center,0
1316,undefined ,0,18:46,18:19,1,4,1620,27459,Hadera,Ruppin Academic Center,0
1317,undefined ,0,19:00,18:30,1,5,1800,27459,Hadera,Ruppin Academic Center,0
1318,57 729 ,0,18:53,18:05,2,18,2874,16952,Hadera,Ruppin Academic Center,0
1319,57,0,18:39,17:54,1,11,2739,13242,Hadera,Ruppin Academic Center,0
1320,921,0,18:40,17:52,1,10,2877,13365,Hadera,Ruppin Academic Center,0
1321,650 59 ,0,18:33,17:56,2,10,2250,29676,Hadera,Ruppin Academic Center,0
1322,821,0,19:17,18:28,1,9,2948,14258,Hadera,Ruppin Academic Center,0
1323,910,0,18:45,17:55,1,13,3035,32810,Hadera,Ruppin Academic Center,0
1324,910,0,18:17,17:55,1,14,1361,32280,Hadera,Ruppin Academic Center,0
1325,57 26 ,0,18:45,17:54,2,11,3090,13360,Hadera,Ruppin Academic Center,0
1326,41 undefined ,0,19:09,18:05,2,8,3819,21873,Hadera,Ruppin Academic Center,0
1327,55 921 ,0,18:40,17:52,2,11,2890,14031,Hadera,Ruppin Academic Center,0
1328,921 26 ,0,18:45,17:53,2,11,3095,13370,Hadera,Ruppin Academic Center,0
1329,921,0,18:41,17:53,1,10,2877,13365,Hadera,Ruppin Academic Center,0
1330,57 26 ,0,18:45,17:54,2,12,3092,13995,Hadera,Ruppin Academic Center,0
1331,921,0,18:41,17:53,1,10,2877,13365,Hadera,Ruppin Academic Center,0
1332,921,0,19:51,19:04,1,10,2851,13365,Hadera,Ruppin Academic Center,0
1333,825 41 ,0,19:53,18:53,2,7,3594,23964,Hadera,Ruppin Academic Center,0
1334,921,0,19:51,19:04,1,10,2851,13365,Hadera,Ruppin Academic Center,0
1335,57,0,19:44,18:59,1,11,2752,13242,Hadera,Ruppin Academic Center,0
1336,650 501 ,1,10:51,10:07,2,14,2643,32324,Hadera,Ruppin Academic Center,0
1337,852,1,10:58,10:10,1,17,2932,32804,Hadera,Ruppin Academic Center,0
1338,undefined ,1,11:00,10:30,1,5,1800,27459,Hadera,Ruppin Academic Center,0
1339,650,1,10:52,10:07,1,17,2685,33060,Hadera,Ruppin Academic Center,0
1340,undefined ,1,10:54,10:27,1,5,1620,27459,Hadera,Ruppin Academic Center,0
1341,274 825 ,1,11:04,10:20,2,10,2658,27244,Hadera,Ruppin Academic Center,0
1342,921,1,11:18,10:32,1,10,2769,13365,Hadera,Ruppin Academic Center,0
1343,55 921 ,1,11:17,10:25,2,16,3157,15237,Hadera,Ruppin Academic Center,0
1344,821,1,10:55,10:06,1,11,2940,14889,Hadera,Ruppin Academic Center,0
1345,49 650 ,1,10:49,10:10,2,8,2382,28392,Hadera,Ruppin Academic Center,0
1346,27 921 ,1,11:18,10:31,2,11,2773,13143,Hadera,Ruppin Academic Center,0
1347,705 74 ,1,10:49,10:05,2,16,2666,15200,Hadera,Ruppin Academic Center,0
1348,650 49 ,1,10:40,10:07,2,6,1968,28062,Hadera,Ruppin Academic Center,0
1349,705 706 ,1,11:02,10:05,2,25,3394,18872,Hadera,Ruppin Academic Center,0
1350,57 7 ,1,10:54,10:05,2,9,2977,13280,Hadera,Ruppin Academic Center,0
1351,705 7 ,1,10:53,10:05,2,23,2856,17031,Hadera,Ruppin Academic Center,0
1352,undefined ,1,13:54,13:27,1,5,1620,27459,Hadera,Ruppin Academic Center,0
1353,921,1,13:58,13:17,1,10,2514,13365,Hadera,Ruppin Academic Center,0
1354,825,1,13:48,13:09,1,12,2344,32273,Hadera,Ruppin Academic Center,0
1355,8 921 ,1,13:58,13:04,2,19,3247,15982,Hadera,Ruppin Academic Center,0
1356,825 49 ,1,13:40,13:09,2,8,1855,28062,Hadera,Ruppin Academic Center,0
1357,921 79 ,1,13:59,13:16,2,9,2580,13287,Hadera,Ruppin Academic Center,0
1358,821,1,14:16,13:28,1,9,2896,14258,Hadera,Ruppin Academic Center,0
1359,undefined ,1,14:00,13:30,1,5,1800,27459,Hadera,Ruppin Academic Center,0
1360,705,1,14:28,13:51,1,17,2253,15072,Hadera,Ruppin Academic Center,0
1361,825 705 ,1,14:11,13:09,2,6,3772,22796,Hadera,Ruppin Academic Center,0
1362,26 825 ,1,14:08,13:06,2,19,3735,27944,Hadera,Ruppin Academic Center,0
1363,26 undefined ,1,14:09,13:06,2,18,3759,26333,Hadera,Ruppin Academic Center,0
1364,undefined ,1,13:30,13:01,1,5,1740,27459,Hadera,Ruppin Academic Center,0
1365,8 825 ,1,13:39,13:02,2,8,2240,26972,Hadera,Ruppin Academic Center,0
1366,826,1,13:49,13:09,1,13,2438,32273,Hadera,Ruppin Academic Center,0
1367,825,1,13:59,13:20,1,10,2360,32783,Hadera,Ruppin Academic Center,0
1368,729 705 ,1,15:37,14:50,2,14,2813,23943,Hadera,Ruppin Academic Center,0
1369,921,1,14:58,14:17,1,10,2514,13365,Hadera,Ruppin Academic Center,0
1370,8 921 ,1,14:58,14:04,2,19,3247,15982,Hadera,Ruppin Academic Center,0
1371,705,1,15:19,14:36,1,17,2625,15072,Hadera,Ruppin Academic Center,0
1372,921,1,17:58,17:17,1,10,2514,13365,Hadera,Ruppin Academic Center,0
1373,729 705 ,1,18:17,17:14,2,13,3823,23949,Hadera,Ruppin Academic Center,0
1374,8 921 ,1,17:58,17:04,2,19,3247,15982,Hadera,Ruppin Academic Center,0
1375,57,1,18:10,17:24,1,11,2767,13242,Hadera,Ruppin Academic Center,0
1376,57 729 ,1,18:56,18:05,2,18,3100,16952,Hadera,Ruppin Academic Center,0
1377,51 57 ,1,19:15,18:27,2,12,2912,13908,Hadera,Ruppin Academic Center,0
1378,826,1,18:49,18:09,1,13,2438,32273,Hadera,Ruppin Academic Center,0
1379,undefined ,1,18:54,18:27,1,5,1620,27459,Hadera,Ruppin Academic Center,0
1380,undefined ,1,18:46,18:19,1,4,1620,27459,Hadera,Ruppin Academic Center,0
1381,921,1,18:58,18:17,1,10,2514,13365,Hadera,Ruppin Academic Center,0
1382,825 49 ,1,18:40,18:08,2,8,1875,28062,Hadera,Ruppin Academic Center,0
1383,57 74 ,1,18:44,18:05,2,9,2378,13293,Hadera,Ruppin Academic Center,0
1384,57,1,19:15,18:29,1,11,2762,13242,Hadera,Ruppin Academic Center,0
1385,8 825 ,1,18:39,18:05,2,8,2060,26972,Hadera,Ruppin Academic Center,0
1386,undefined ,1,18:37,18:08,1,4,1740,27459,Hadera,Ruppin Academic Center,0
1387,undefined ,1,19:07,18:38,1,4,1740,27459,Hadera,Ruppin Academic Center,0
1388,821,1,19:18,18:28,1,9,3006,14258,Hadera,Ruppin Academic Center,0
1389,undefined 26 ,1,19:38,18:47,2,18,3112,26342,Hadera,Ruppin Academic Center,0
1390,41 undefined ,1,19:09,18:06,2,8,3773,21873,Hadera,Ruppin Academic Center,0
1391,undefined ,1,19:00,18:30,1,5,1800,27459,Hadera,Ruppin Academic Center,0
2094,910,2,12:02,11:40,1,14,1361,32282,Hadera,Ruppin Academic Center,0.15
2095,undefined ,2,11:54,11:27,1,5,1620,27459,Hadera,Ruppin Academic Center,0.15
2096,650,2,12:18,11:30,1,15,2926,32658,Hadera,Ruppin Academic Center,0.15
2097,41 825 ,2,12:28,11:30,2,9,3495,23484,Hadera,Ruppin Academic Center,0.15
2098,650 8 ,2,12:11,11:36,2,8,2118,27535,Hadera,Ruppin Academic Center,0.15
2099,910,2,12:17,11:30,1,13,2829,32810,Hadera,Ruppin Academic Center,0.15
2100,undefined ,2,12:00,11:30,1,5,1800,27459,Hadera,Ruppin Academic Center,0.15
2101,921 26 ,2,12:25,11:27,2,17,3522,17102,Hadera,Ruppin Academic Center,0.15
2102,705,2,12:30,11:36,1,16,3295,15062,Hadera,Ruppin Academic Center,0.15
2103,41 undefined ,2,12:09,11:30,2,8,2319,21873,Hadera,Ruppin Academic Center,0.15
2104,825,2,12:19,11:40,1,10,2360,32783,Hadera,Ruppin Academic Center,0.15
2105,821 74 ,2,12:19,11:28,2,9,3090,13294,Hadera,Ruppin Academic Center,0.15
2106,821,2,12:22,11:28,1,9,3223,14258,Hadera,Ruppin Academic Center,0.15
2107,undefined ,2,12:24,11:57,1,5,1620,27459,Hadera,Ruppin Academic Center,0.15
2108,921,2,12:08,11:27,1,10,2514,13365,Hadera,Ruppin Academic Center,0.15
2109,undefined 26 ,2,12:51,11:48,2,18,3781,26342,Hadera,Ruppin Academic Center,0.15
2110,undefined ,2,14:30,14:01,1,5,1740,27459,Hadera,Ruppin Academic Center,0.17
2111,825,2,14:19,13:40,1,10,2360,32783,Hadera,Ruppin Academic Center,0.17
2112,921 26 ,2,14:30,13:37,2,17,3222,17102,Hadera,Ruppin Academic Center,0.17
2113,undefined ,2,14:00,13:30,1,5,1800,27459,Hadera,Ruppin Academic Center,0.17
2114,705,2,14:37,13:51,1,17,2813,15072,Hadera,Ruppin Academic Center,0.17
2115,921,2,14:18,13:37,1,10,2514,13365,Hadera,Ruppin Academic Center,0.17
2116,51 921 ,2,14:18,13:32,2,11,2799,14032,Hadera,Ruppin Academic Center,0.17
2117,910,2,14:02,13:40,1,14,1361,32282,Hadera,Ruppin Academic Center,0.17
2118,undefined ,2,14:24,13:57,1,5,1620,27459,Hadera,Ruppin Academic Center,0.17
2119,825,2,14:46,13:57,1,12,2935,32273,Hadera,Ruppin Academic Center,0.17
2120,650 49 ,2,14:20,13:43,2,6,2167,28062,Hadera,Ruppin Academic Center,0.17
2121,921 74 ,2,14:19,13:36,2,9,2580,13287,Hadera,Ruppin Academic Center,0.17
2122,650,2,14:21,13:30,1,15,3083,32658,Hadera,Ruppin Academic Center,0.17
2123,26 undefined ,2,15:09,14:11,2,18,3459,26333,Hadera,Ruppin Academic Center,0.17
2124,921 7א ,2,14:30,13:36,2,16,3218,15118,Hadera,Ruppin Academic Center,0.17
2125,921 852 ,2,14:29,13:36,2,17,3149,16953,Hadera,Ruppin Academic Center,0.17
2126,821,2,16:35,15:50,1,10,2703,13365,Hadera,Ruppin Academic Center,0
2127,705 22 ,2,17:02,15:59,2,17,3789,15329,Hadera,Ruppin Academic Center,0
2128,825,2,16:39,16:00,1,10,2360,32783,Hadera,Ruppin Academic Center,0
2129,921 26 ,2,16:45,15:57,2,11,2918,13370,Hadera,Ruppin Academic Center,0
2130,921,2,16:38,15:57,1,10,2514,13365,Hadera,Ruppin Academic Center,0
2131,274 650 ,2,16:27,15:50,2,10,2268,27255,Hadera,Ruppin Academic Center,0
2132,undefined ,2,16:37,16:08,1,4,1740,27459,Hadera,Ruppin Academic Center,0
2133,705 7 ,2,16:53,15:59,2,16,3274,15187,Hadera,Ruppin Academic Center,0
2134,825 26 ,2,16:59,15:49,2,19,4230,28246,Hadera,Ruppin Academic Center,0
2135,undefined ,2,16:30,16:00,1,5,1800,27459,Hadera,Ruppin Academic Center,0
2136,825,2,16:35,15:50,1,12,2688,32273,Hadera,Ruppin Academic Center,0
2137,825 8 ,2,16:27,15:50,2,10,2185,27536,Hadera,Ruppin Academic Center,0
2138,26 undefined ,2,17:09,16:16,2,18,3159,26333,Hadera,Ruppin Academic Center,0
2139,921 74 ,2,16:49,16:06,2,9,2582,13287,Hadera,Ruppin Academic Center,0
2140,undefined ,2,16:24,15:57,1,5,1620,27459,Hadera,Ruppin Academic Center,0
2141,undefined ,2,16:17,15:50,1,4,1620,27459,Hadera,Ruppin Academic Center,0
2142,undefined 41 ,3,12:18,11:17,2,6,3676,22062,Hadera,Ruppin Academic Center,0
2143,826,3,11:54,11:14,1,13,2381,33105,Hadera,Ruppin Academic Center,0
2144,650 282 ,3,12:03,11:18,2,13,2720,31253,Hadera,Ruppin Academic Center,0
2145,41 undefined ,3,12:09,11:30,2,8,2319,21873,Hadera,Ruppin Academic Center,0
2146,650 274 ,3,11:56,11:18,2,9,2314,29492,Hadera,Ruppin Academic Center,0
2147,921 22 ,3,12:05,11:18,2,10,2790,13425,Hadera,Ruppin Academic Center,0
2148,921 74 ,3,12:04,11:18,2,9,2780,13136,Hadera,Ruppin Academic Center,0
2149,852 41 ,3,12:18,11:20,2,9,3446,24055,Hadera,Ruppin Academic Center,0
2150,710 26 ,3,12:52,11:42,2,25,4196,29418,Hadera,Ruppin Academic Center,0
2151,921,3,12:26,11:40,1,10,2814,13531,Hadera,Ruppin Academic Center,0
2152,921 729 ,3,12:13,11:18,2,18,3292,17071,Hadera,Ruppin Academic Center,0
2153,undefined ,3,11:54,11:27,1,5,1620,27459,Hadera,Ruppin Academic Center,0
2154,825,3,12:06,11:20,1,10,2793,32445,Hadera,Ruppin Academic Center,0
2155,68 825 ,3,12:05,11:12,2,14,3220,33275,Hadera,Ruppin Academic Center,0
2156,11 825 ,3,12:05,11:15,2,13,3021,28995,Hadera,Ruppin Academic Center,0
2157,undefined ,3,12:00,11:30,1,5,1800,27459,Hadera,Ruppin Academic Center,0
