id,line,day,arrival,departure,buses,stops,duration,distance,origin,destination,rain
1,undefined ,3,13:00,12:30,1,5,1800,27459,Tel Aviv,Netanya,0
2,undefined ,3,12:54,12:27,1,5,1620,27459,Netanya,Tel Aviv,0
3,undefined 26 ,3,13:50,12:48,2,18,3738,26357,Hadera,Ruppin Academic Center,0
4,821 ,3,13:38,12:52,1,10,2767,13531,Hadera,Ruppin Academic Center,0
5,910 ,3,13:12,12:30,1,13,2569,32462,Tel Aviv,Netanya,0
6,852 ,3,13:17,12:32,1,19,2705,32885,Netanya,Tel Aviv,0
7,825 ,3,13:23,12:40,1,10,2594,32445,Tel Aviv,Netanya,0
8,650 ,3,13:16,12:30,1,15,2760,33180,Tel Aviv,Netanya,0
9,821 ,3,13:16,12:28,1,9,2904,14748,Ruppin Academic Center,Hadera,0
10,921 ,3,13:28,12:42,1,10,2767,13531,Hadera,Ruppin Academic Center,0
11,826 ,3,13:19,12:39,1,13,2438,33105,Netanya,Tel Aviv,0
12,852 ,3,13:17,12:32,1,19,2705,32885,Netanya,Tel Aviv,0
13,41 undefined ,3,13:39,12:55,2,8,2619,21873,Ruppin Academic Center,Hadera,0
14,821 27 ,3,13:25,12:28,2,15,3427,16162,Ruppin Academic Center,Hadera,0
15,921 ,3,13:28,12:42,1,10,2767,13531,Hadera,Ruppin Academic Center,0
16,821 68 ,3,13:19,12:28,2,9,3090,13385,Ruppin Academic Center,Hadera,0
17,650 ,3,14:59,14:17,1,17,2511,32878,Netanya,Tel Aviv,0
18,705 947 ,3,15:03,14:12,2,12,3054,24840,Ruppin Academic Center,Hadera,0
19,921 ,3,15:05,14:17,1,10,2845,13531,Hadera,Ruppin Academic Center,0
20,705 ,3,15:20,14:36,1,17,2654,15121,Hadera,Ruppin Academic Center,0
21,729 705 ,3,15:37,14:50,2,14,2813,23878,Hadera,Ruppin Academic Center,0
22,705 825 ,3,14:54,14:12,2,8,2505,22260,Ruppin Academic Center,Hadera,0
23,undefined ,3,14:54,14:27,1,5,1620,27459,Netanya,Tel Aviv,0
24,68 705 ,3,15:24,14:12,2,17,4273,15378,Hadera,Ruppin Academic Center,0
25,undefined ,3,15:07,14:38,1,4,1740,27459,Tel Aviv,Netanya,0
26,undefined ,3,15:00,14:30,1,5,1800,27459,Tel Aviv,Netanya,0
27,821 ,3,15:17,14:28,1,9,2920,14748,Ruppin Academic Center,Hadera,0
28,825 ,3,15:05,14:20,1,10,2715,32445,Tel Aviv,Netanya,0
29,26 undefined ,3,15:09,14:09,2,18,3558,26970,Ruppin Academic Center,Hadera,0
30,49 650 ,3,14:44,14:10,2,8,2092,30717,Tel Aviv,Netanya,0
31,650 33 ,3,14:52,14:17,2,10,2106,28096,Netanya,Tel Aviv,0
32,825 49 ,3,15:00,14:17,2,8,2527,28171,Netanya,Tel Aviv,0
33,undefined ,3,15:46,15:19,1,4,1620,27459,Netanya,Tel Aviv,0
34,undefined ,3,15:54,15:27,1,5,1620,27459,Netanya,Tel Aviv,0
35,8 921 ,3,16:03,15:04,2,19,3496,15835,Hadera,Ruppin Academic Center,0
36,undefined ,3,16:07,15:38,1,4,1740,27459,Tel Aviv,Netanya,0
37,undefined ,3,15:37,15:08,1,4,1740,27459,Tel Aviv,Netanya,0
38,947 705 ,3,16:29,15:30,2,12,3567,24054,Hadera,Ruppin Academic Center,0
39,852 ,3,16:13,15:15,1,17,3505,32451,Tel Aviv,Netanya,0
40,650 253 ,3,15:50,15:17,2,8,1988,29079,Netanya,Tel Aviv,0
41,921 ,3,16:03,15:15,1,10,2843,13531,Hadera,Ruppin Academic Center,0
42,921 ,3,16:03,15:17,1,10,2813,13531,Hadera,Ruppin Academic Center,0
43,undefined ,3,16:00,15:30,1,5,1800,27459,Tel Aviv,Netanya,0
44,41 undefined ,3,16:09,15:25,2,8,2619,21873,Ruppin Academic Center,Hadera,0
45,705 68 ,3,16:04,15:14,2,16,3033,15416,Ruppin Academic Center,Hadera,0
46,821 ,3,16:19,15:28,1,9,3042,14748,Ruppin Academic Center,Hadera,0
47,825 ,3,15:49,15:09,1,12,2357,32138,Netanya,Tel Aviv,0
48,705 729 ,3,16:12,15:14,2,25,3496,19533,Ruppin Academic Center,Hadera,0
49,undefined ,3,17:07,16:38,1,4,1740,27459,Tel Aviv,Netanya,0
50,650 ,3,17:18,16:35,1,17,2612,32878,Netanya,Tel Aviv,0
51,650 253 ,3,17:05,16:35,2,8,1833,29073,Netanya,Tel Aviv,0
52,821 74 ,3,17:24,16:38,2,9,2795,13385,Ruppin Academic Center,Hadera,0
53,undefined ,3,17:30,17:00,1,5,1800,27459,Tel Aviv,Netanya,0
54,undefined ,3,17:17,16:50,1,4,1620,27459,Netanya,Tel Aviv,0
55,undefined ,3,17:24,16:57,1,5,1620,27459,Netanya,Tel Aviv,0
56,8 852 ,3,17:18,16:35,2,12,2582,26978,Tel Aviv,Netanya,0
57,821 ,3,17:29,16:38,1,9,3067,14748,Ruppin Academic Center,Hadera,0
58,921 68 ,3,17:34,16:47,2,9,2836,13136,Ruppin Academic Center,Hadera,0
59,51 821 ,3,17:38,16:37,2,11,3657,13511,Hadera,Ruppin Academic Center,0
60,821 ,3,17:38,16:50,1,10,2917,13531,Hadera,Ruppin Academic Center,0
61,921 49 ,3,17:42,16:47,2,9,3283,13286,Ruppin Academic Center,Hadera,0
62,274 852 ,3,17:18,16:35,2,14,2582,27250,Tel Aviv,Netanya,0
63,undefined 26 ,3,17:56,16:47,2,18,4175,26357,Hadera,Ruppin Academic Center,0
64,821 ,3,17:38,16:50,1,10,2917,13531,Hadera,Ruppin Academic Center,0
65,921 ,3,18:25,17:36,1,10,2919,13531,Hadera,Ruppin Academic Center,0
66,821 ,3,18:41,17:52,1,10,2918,13531,Hadera,Ruppin Academic Center,0
67,921 ,3,18:25,17:36,1,10,2919,13531,Hadera,Ruppin Academic Center,0
68,undefined 41 ,3,18:50,17:47,2,6,3791,22062,Hadera,Ruppin Academic Center,0
69,821 ,3,18:34,17:42,1,9,3101,14748,Ruppin Academic Center,Hadera,0
70,825 ,3,18:28,17:45,1,12,2587,32138,Netanya,Tel Aviv,0
71,41 undefined ,3,19:09,18:05,2,8,3819,21873,Ruppin Academic Center,Hadera,0
72,825 49 ,3,18:20,17:45,2,8,2092,28171,Netanya,Tel Aviv,0
73,821 68 ,3,18:34,17:42,2,9,3138,13385,Ruppin Academic Center,Hadera,0
74,undefined ,3,18:17,17:50,1,4,1620,27459,Netanya,Tel Aviv,0
75,undefined ,3,18:24,17:57,1,5,1620,27459,Netanya,Tel Aviv,0
76,821 ,3,18:44,17:55,1,10,2916,13531,Hadera,Ruppin Academic Center,0
77,55 821 ,3,18:44,17:52,2,17,3125,15326,Hadera,Ruppin Academic Center,0
78,729 26 ,3,19:38,18:30,2,26,4073,29466,Hadera,Ruppin Academic Center,0
79,852 ,3,18:40,17:45,1,17,3314,32451,Tel Aviv,Netanya,0
80,undefined ,3,18:30,18:00,1,5,1800,27459,Tel Aviv,Netanya,0
81,undefined ,3,18:37,18:08,1,4,1740,27459,Tel Aviv,Netanya,0
82,821 7 ,3,18:43,17:42,2,16,3633,15376,Ruppin Academic Center,Hadera,0
83,921 26 ,3,18:45,17:56,2,11,2916,13533,Hadera,Ruppin Academic Center,0
84,8 825 ,3,18:26,17:45,2,8,2495,26972,Tel Aviv,Netanya,0
85,undefined ,3,19:37,19:08,1,4,1740,27459,Tel Aviv,Netanya,0
86,852 ,3,19:33,18:45,1,17,2906,32451,Tel Aviv,Netanya,0
87,undefined ,3,19:30,19:00,1,5,1800,27459,Tel Aviv,Netanya,0
88,921 26 ,3,19:40,18:59,2,11,2439,13533,Hadera,Ruppin Academic Center,0
89,650 ,3,19:47,19:00,1,15,2877,33180,Tel Aviv,Netanya,0
90,57 26 ,3,19:40,18:59,2,11,2484,13524,Hadera,Ruppin Academic Center,0
91,undefined 26 ,3,19:50,18:47,2,18,3792,26357,Hadera,Ruppin Academic Center,0
92,57 49 ,3,19:42,18:47,2,10,3319,14336,Ruppin Academic Center,Hadera,0
93,650 ,3,19:28,18:44,1,17,2644,32878,Netanya,Tel Aviv,0
94,26 undefined ,3,20:09,19:16,2,18,3159,26970,Ruppin Academic Center,Hadera,0
95,57 55 ,3,19:44,18:47,2,11,3469,15096,Ruppin Academic Center,Hadera,0
96,undefined ,3,19:17,18:50,1,4,1620,27459,Netanya,Tel Aviv,0
97,821 ,3,19:40,18:53,1,10,2823,13531,Hadera,Ruppin Academic Center,0
98,57 79 ,3,19:34,18:47,2,9,2872,13385,Ruppin Academic Center,Hadera,0
99,852 49 ,3,19:30,18:48,2,12,2484,28192,Netanya,Tel Aviv,0
100,undefined ,3,19:24,18:57,1,5,1620,27459,Netanya,Tel Aviv,0
101,57 852 ,3,20:48,19:43,2,16,3878,17214,Ruppin Academic Center,Hadera,0
102,26 undefined ,3,21:09,20:11,2,18,3459,26970,Ruppin Academic Center,Hadera,0
103,852 ,3,20:29,19:45,1,17,2646,32451,Tel Aviv,Netanya,0
104,57 79 ,3,20:34,19:43,2,9,3058,13385,Ruppin Academic Center,Hadera,0
105,650 ,3,20:43,20:00,1,15,2615,33180,Tel Aviv,Netanya,0
106,274 852 ,3,20:30,19:50,2,14,2450,27250,Tel Aviv,Netanya,0
107,840 ,3,20:42,20:00,1,11,2579,32445,Tel Aviv,Netanya,0
108,821 ,3,20:38,19:52,1,10,2780,13531,Hadera,Ruppin Academic Center,0
109,921 ,3,20:42,19:56,1,10,2780,13531,Hadera,Ruppin Academic Center,0
110,921 ,3,20:42,19:56,1,10,2780,13531,Hadera,Ruppin Academic Center,0
111,921 ,3,20:58,20:12,1,10,2759,13531,Hadera,Ruppin Academic Center,0
112,undefined ,3,20:17,19:50,1,4,1620,27459,Netanya,Tel Aviv,0
113,57 68 ,3,20:49,19:55,2,9,3278,13385,Ruppin Academic Center,Hadera,0
114,825 ,3,20:40,19:59,1,12,2480,32138,Netanya,Tel Aviv,0
115,852 ,3,20:53,20:06,1,19,2789,32885,Netanya,Tel Aviv,0
116,undefined ,3,20:24,19:57,1,5,1620,27459,Netanya,Tel Aviv,0
117,undefined ,3,21:24,20:58,1,4,1560,27459,Tel Aviv,Netanya,0
118,650 ,3,21:42,21:00,1,15,2547,33180,Tel Aviv,Netanya,0
119,921 46 ,3,21:56,21:11,2,9,2702,13434,Ruppin Academic Center,Hadera,0
120,605 910 ,3,21:38,20:45,2,14,3184,33189,Tel Aviv,Netanya,0
121,57 7 ,3,21:44,20:57,2,9,2817,13532,Ruppin Academic Center,Hadera,0
122,852 ,3,21:27,20:45,1,17,2560,32451,Tel Aviv,Netanya,0
123,41 undefined ,3,22:33,21:55,2,8,2259,21875,Ruppin Academic Center,Hadera,0
124,57 ,3,21:31,20:46,1,11,2744,13407,Hadera,Ruppin Academic Center,0
125,910 ,3,21:42,21:02,1,14,2389,33129,Netanya,Tel Aviv,0
126,921 ,3,21:46,21:00,1,10,2753,13531,Hadera,Ruppin Academic Center,0
127,921 ,3,21:46,21:00,1,10,2753,13531,Hadera,Ruppin Academic Center,0
128,729 46 ,3,22:04,20:50,2,14,4435,25178,Hadera,Ruppin Academic Center,0
129,57 729 ,3,21:51,20:57,2,18,3265,17502,Ruppin Academic Center,Hadera,0
130,852 ,3,21:55,21:11,1,19,2632,32885,Netanya,Tel Aviv,0
131,852 ,3,21:55,21:11,1,19,2632,32885,Netanya,Tel Aviv,0
132,910 ,3,21:42,21:02,1,14,2389,33129,Netanya,Tel Aviv,0
133,41 undefined ,3,22:33,21:55,2,8,2259,21875,Ruppin Academic Center,Hadera,0
134,921 74 ,3,22:34,21:53,2,9,2478,13136,Ruppin Academic Center,Hadera,0
135,821 ,3,22:55,22:08,1,9,2812,14748,Ruppin Academic Center,Hadera,0
136,825 ,3,22:24,21:46,1,12,2271,32138,Netanya,Tel Aviv,0
137,921 68 ,3,22:43,21:53,2,17,3017,16818,Ruppin Academic Center,Hadera,0
138,825 8 ,3,22:20,21:46,2,10,2061,27569,Netanya,Tel Aviv,0
139,274 852 ,3,22:30,21:50,2,14,2418,27250,Tel Aviv,Netanya,0
140,852 ,3,22:28,21:45,1,17,2601,32451,Tel Aviv,Netanya,0
141,910 ,3,22:40,22:02,1,14,2270,33129,Netanya,Tel Aviv,0
142,undefined ,3,22:24,22:01,1,3,1380,27461,Tel Aviv,Netanya,0
143,601 910 ,3,22:35,21:45,2,21,3027,33212,Tel Aviv,Netanya,0
144,57 ,3,22:29,21:44,1,11,2715,13407,Hadera,Ruppin Academic Center,0
145,910 33 821 ,3,22:52,21:50,3,8,3728,22893,Hadera,Ruppin Academic Center,0
146,910 ,3,22:40,22:02,1,14,2270,33129,Netanya,Tel Aviv,0
147,57 ,3,23:09,22:24,1,11,2717,13407,Hadera,Ruppin Academic Center,0
148,921 ,3,22:32,21:47,1,10,2725,13531,Hadera,Ruppin Academic Center,0
149,undefined ,4,09:46,09:19,1,4,1620,27459,Netanya,Tel Aviv,0
150,826 49 ,4,09:40,09:05,2,9,2099,28060,Netanya,Tel Aviv,0
151,705 729 ,4,10:12,09:14,2,25,3480,18859,Ruppin Academic Center,Hadera,0
152,undefined ,4,09:54,09:27,1,5,1620,27459,Netanya,Tel Aviv,0
153,705 22 ,4,10:05,09:14,2,17,3044,15329,Ruppin Academic Center,Hadera,0
154,57 7 ,4,09:54,09:05,2,9,2983,13280,Ruppin Academic Center,Hadera,0
155,826 ,4,09:44,09:05,1,13,2384,32271,Netanya,Tel Aviv,0
156,921 ,4,10:02,09:12,1,10,2979,13365,Hadera,Ruppin Academic Center,0
157,821 ,4,09:57,09:07,1,10,2980,13365,Hadera,Ruppin Academic Center,0
158,921 ,4,10:02,09:12,1,10,2979,13365,Hadera,Ruppin Academic Center,0
159,57 ,4,10:06,09:19,1,11,2817,13242,Hadera,Ruppin Academic Center,0
160,705 79 ,4,09:59,09:14,2,16,2733,15200,Ruppin Academic Center,Hadera,0
161,undefined ,4,09:37,09:08,1,4,1740,27459,Tel Aviv,Netanya,0
162,910 ,4,09:57,09:15,1,13,2541,32811,Tel Aviv,Netanya,0
163,11 825 ,4,09:43,09:05,2,8,2317,27102,Tel Aviv,Netanya,0
164,undefined ,4,10:00,09:30,1,5,1800,27459,Tel Aviv,Netanya,0
165,825 ,4,10:47,10:05,1,12,2483,32270,Netanya,Tel Aviv,0
166,undefined ,4,10:54,10:27,1,5,1620,27459,Netanya,Tel Aviv,0
167,825 49 ,4,10:40,10:05,2,8,2055,28059,Netanya,Tel Aviv,0
168,8 825 ,4,10:40,10:04,2,8,2183,26977,Tel Aviv,Netanya,0
169,650 253 ,4,10:50,10:16,2,8,2071,29150,Netanya,Tel Aviv,0
170,undefined ,4,11:00,10:30,1,5,1800,27459,Tel Aviv,Netanya,0
171,501 852 ,4,10:56,10:05,2,16,3119,32668,Tel Aviv,Netanya,0
172,705 74 ,4,10:49,10:06,2,16,2579,15200,Ruppin Academic Center,Hadera,0
173,705 7 ,4,10:55,10:06,2,23,2905,17031,Ruppin Academic Center,Hadera,0
174,705 706 ,4,11:02,10:06,2,25,3321,18872,Ruppin Academic Center,Hadera,0
175,26 undefined ,4,11:09,10:11,2,18,3459,26333,Ruppin Academic Center,Hadera,0
176,821 ,4,11:02,10:14,1,10,2879,13365,Hadera,Ruppin Academic Center,0
177,852 ,4,10:56,10:10,1,17,2765,32804,Tel Aviv,Netanya,0
178,921 ,4,11:02,10:14,1,10,2880,13365,Hadera,Ruppin Academic Center,0
179,821 ,4,11:02,10:14,1,10,2879,13365,Hadera,Ruppin Academic Center,0
180,921 ,4,11:02,10:14,1,10,2880,13365,Hadera,Ruppin Academic Center,0
181,undefined ,4,12:00,11:30,1,5,1800,27459,Tel Aviv,Netanya,0
182,825 253 ,4,11:46,11:11,2,12,2133,29163,Netanya,Tel Aviv,0
183,825 635 ,4,11:58,11:11,2,12,2822,32112,Netanya,Tel Aviv,0
184,undefined ,4,11:54,11:27,1,5,1620,27459,Netanya,Tel Aviv,0
185,825 ,4,11:49,11:11,1,12,2330,32270,Netanya,Tel Aviv,0
186,605 ,4,12:11,11:10,1,27,3693,33277,Tel Aviv,Netanya,0
187,825 ,4,12:02,11:20,1,10,2539,32789,Tel Aviv,Netanya,0
188,921 79 ,4,11:59,11:18,2,9,2504,13287,Ruppin Academic Center,Hadera,0
189,26 undefined ,4,12:09,11:06,2,18,3759,26333,Ruppin Academic Center,Hadera,0
190,921 ,4,12:00,11:12,1,10,2880,13365,Hadera,Ruppin Academic Center,0
191,undefined 41 ,4,12:18,11:17,2,6,3683,22062,Hadera,Ruppin Academic Center,0
192,650 ,4,12:15,11:30,1,15,2756,32661,Tel Aviv,Netanya,0
193,921 ,4,12:13,11:27,1,10,2784,13365,Hadera,Ruppin Academic Center,0
194,921 74 ,4,12:04,11:18,2,9,2804,13287,Ruppin Academic Center,Hadera,0
195,821 ,4,12:17,11:28,1,9,2919,14258,Ruppin Academic Center,Hadera,0
196,921 ,4,12:00,11:12,1,10,2880,13365,Hadera,Ruppin Academic Center,0
197,undefined ,4,13:00,12:30,1,5,1800,27459,Tel Aviv,Netanya,0
198,605 ,4,13:12,12:10,1,27,3740,33277,Tel Aviv,Netanya,0
199,729 26 ,4,13:38,12:10,2,25,5273,29275,Hadera,Ruppin Academic Center,0
200,501 852 ,4,13:08,12:15,2,16,3190,32668,Tel Aviv,Netanya,0
201,821 ,4,12:54,12:05,1,10,2917,13365,Hadera,Ruppin Academic Center,0
202,825 ,4,13:03,12:20,1,10,2613,32789,Tel Aviv,Netanya,0
203,826 ,4,12:49,12:09,1,13,2438,32269,Netanya,Tel Aviv,0
204,826 ,4,12:51,12:12,1,13,2343,32269,Netanya,Tel Aviv,0
205,921 22 ,4,13:05,12:19,2,10,2726,13416,Ruppin Academic Center,Hadera,0
206,26 undefined ,4,13:09,12:06,2,18,3759,26333,Ruppin Academic Center,Hadera,0
207,705 79 ,4,12:59,12:05,2,15,3240,15189,Ruppin Academic Center,Hadera,0
208,921 ,4,13:01,12:12,1,10,2916,13365,Hadera,Ruppin Academic Center,0
209,821 ,4,12:54,12:05,1,10,2917,13365,Hadera,Ruppin Academic Center,0
210,910 ,4,12:49,12:09,1,14,2420,32276,Netanya,Tel Aviv,0
211,821 ,4,13:17,12:28,1,9,2947,14258,Ruppin Academic Center,Hadera,0
212,910 ,4,12:49,12:09,1,14,2420,32276,Netanya,Tel Aviv,0
213,650 ,4,13:58,13:17,1,17,2466,33058,Netanya,Tel Aviv,0
214,33 825 ,4,14:06,13:18,2,12,2893,28467,Tel Aviv,Netanya,0
215,undefined ,4,14:00,13:30,1,5,1800,27459,Tel Aviv,Netanya,0
216,825 ,4,14:11,13:31,1,12,2392,32270,Netanya,Tel Aviv,0
217,825 ,4,14:06,13:20,1,10,2771,32789,Tel Aviv,Netanya,0
218,650 8 ,4,13:52,13:17,2,8,2089,27533,Netanya,Tel Aviv,0
219,undefined ,4,13:54,13:27,1,5,1620,27459,Netanya,Tel Aviv,0
220,921 68 ,4,14:04,13:20,2,9,2674,13287,Ruppin Academic Center,Hadera,0
221,51 921 ,4,14:20,13:32,2,11,2880,14031,Hadera,Ruppin Academic Center,0
222,921 729 ,4,14:15,13:20,2,18,3280,16953,Ruppin Academic Center,Hadera,0
223,821 ,4,14:19,13:28,1,9,3055,14258,Ruppin Academic Center,Hadera,0
224,921 22 ,4,14:05,13:20,2,10,2712,13416,Ruppin Academic Center,Hadera,0
225,501 852 ,4,14:10,13:15,2,16,3312,32668,Tel Aviv,Netanya,0
226,921 ,4,14:20,13:30,1,10,2980,13365,Hadera,Ruppin Academic Center,0
227,710 26 ,4,14:51,13:36,2,25,4496,29220,Hadera,Ruppin Academic Center,0
228,921 ,4,14:24,13:37,1,10,2836,13365,Hadera,Ruppin Academic Center,0
229,undefined ,4,16:00,15:30,1,5,1800,27459,Tel Aviv,Netanya,0
230,undefined ,4,15:37,15:08,1,4,1740,27459,Tel Aviv,Netanya,0
231,852 ,4,15:51,14:55,1,17,3370,32804,Tel Aviv,Netanya,0
232,705 825 ,4,15:38,14:57,2,8,2506,22144,Ruppin Academic Center,Hadera,0
233,undefined ,4,15:30,15:00,1,5,1800,27459,Tel Aviv,Netanya,0
234,41 undefined ,4,16:09,15:25,2,8,2619,21873,Ruppin Academic Center,Hadera,0
235,821 ,4,16:20,15:28,1,9,3117,14258,Ruppin Academic Center,Hadera,0
236,921 ,4,15:40,14:51,1,10,2956,13365,Hadera,Ruppin Academic Center,0
237,821 26 ,4,15:45,14:57,2,11,2886,13370,Hadera,Ruppin Academic Center,0
238,921 ,4,16:01,15:12,1,10,2956,13365,Hadera,Ruppin Academic Center,0
239,921 ,4,16:04,15:17,1,10,2830,13365,Hadera,Ruppin Academic Center,0
240,undefined ,4,15:24,14:57,1,5,1620,27459,Netanya,Tel Aviv,0
241,705 130 undefined ,4,15:39,14:57,3,8,2513,21882,Ruppin Academic Center,Hadera,0
242,826 8 ,4,15:29,14:52,2,11,2230,27531,Netanya,Tel Aviv,0
243,825 282 ,4,15:36,14:52,2,15,2649,31325,Netanya,Tel Aviv,0
244,826 ,4,15:33,14:52,1,13,2457,32269,Netanya,Tel Aviv,0
245,undefined ,4,19:00,18:30,1,5,1800,27459,Tel Aviv,Netanya,0
246,710 26 ,4,19:49,18:41,2,25,4103,29220,Hadera,Ruppin Academic Center,0
247,undefined ,4,19:07,18:38,1,4,1740,27459,Tel Aviv,Netanya,0
248,921 8 ,4,19:09,18:31,2,9,2295,13274,Ruppin Academic Center,Hadera,0
249,921 ,4,19:12,18:24,1,10,2868,13365,Hadera,Ruppin Academic Center,0
250,51 921 ,4,19:16,18:27,2,11,2976,14031,Hadera,Ruppin Academic Center,0
251,921 ,4,19:16,18:29,1,10,2868,13365,Hadera,Ruppin Academic Center,0
252,821 ,4,19:32,18:43,1,9,2923,14258,Ruppin Academic Center,Hadera,0
253,921 852 ,4,19:18,18:31,2,17,2873,16953,Ruppin Academic Center,Hadera,0
254,921 68 ,4,19:19,18:31,2,9,2928,13287,Ruppin Academic Center,Hadera,0
255,undefined ,4,19:17,18:50,1,4,1620,27459,Netanya,Tel Aviv,0
256,825 ,4,19:25,18:40,1,10,2742,32789,Tel Aviv,Netanya,0
257,undefined ,4,18:54,18:27,1,5,1620,27459,Netanya,Tel Aviv,0
258,825 ,4,19:18,18:36,1,12,2543,32270,Netanya,Tel Aviv,0
259,undefined ,4,19:24,18:57,1,5,1620,27459,Netanya,Tel Aviv,0
260,852 ,4,19:18,18:30,1,17,2906,32804,Tel Aviv,Netanya,0
261,921 ,5,11:20,10:35,1,10,2719,13365,Hadera,Ruppin Academic Center,0
262,825 ,5,11:01,10:20,1,10,2500,32783,Tel Aviv,Netanya,0
263,910 ,5,11:03,10:26,1,14,2227,32282,Netanya,Tel Aviv,0
264,26 921 22 ,5,11:21,10:36,3,11,2718,13427,Ruppin Academic Center,Hadera,0
265,821 79 ,5,11:34,10:48,2,9,2790,13294,Ruppin Academic Center,Hadera,0
266,921 13 ,5,11:41,10:54,2,9,2826,13274,Ruppin Academic Center,Hadera,0
267,921 ,5,11:32,10:47,1,10,2719,13365,Hadera,Ruppin Academic Center,0
268,41 947 ,5,12:12,10:55,2,13,4614,25113,Ruppin Academic Center,Hadera,0
269,821 ,5,11:35,10:50,1,10,2719,13365,Hadera,Ruppin Academic Center,0
270,821 ,5,11:35,10:50,1,10,2719,13365,Hadera,Ruppin Academic Center,0
271,821 7 ,5,11:37,10:48,2,14,2972,15093,Ruppin Academic Center,Hadera,0
272,825 ,5,11:41,11:00,1,10,2513,32783,Tel Aviv,Netanya,0
273,605 852 ,5,11:32,10:45,2,14,2860,32658,Tel Aviv,Netanya,0
274,68 852 ,5,11:37,10:45,2,20,3124,33131,Tel Aviv,Netanya,0
275,910 ,5,11:32,10:50,1,13,2549,32810,Tel Aviv,Netanya,0
276,910 ,5,11:22,10:45,1,14,2234,32282,Netanya,Tel Aviv,0
277,910 ,5,11:22,10:45,1,14,2234,32282,Netanya,Tel Aviv,0
278,852 ,5,11:30,10:48,1,19,2518,33043,Netanya,Tel Aviv,0
279,57 ,5,11:31,10:46,1,11,2756,13242,Hadera,Ruppin Academic Center,0
280,825 ,5,11:20,10:43,1,12,2187,32273,Netanya,Tel Aviv,0
281,26 825 ,5,14:23,13:06,2,19,4603,27944,Ruppin Academic Center,Hadera,0
282,55 921 ,5,13:46,12:57,2,11,2923,14031,Hadera,Ruppin Academic Center,0
283,921 ,5,13:46,12:59,1,10,2795,13365,Hadera,Ruppin Academic Center,0
284,921 729 ,5,13:38,12:41,2,18,3476,16953,Ruppin Academic Center,Hadera,0
285,921 ,5,13:27,12:41,1,10,2795,13365,Hadera,Ruppin Academic Center,0
286,921 74 ,5,13:24,12:41,2,9,2631,13287,Ruppin Academic Center,Hadera,0
287,921 79 ,5,13:34,12:41,2,9,3231,13287,Ruppin Academic Center,Hadera,0
288,274 852 ,5,13:23,12:40,2,14,2633,27250,Tel Aviv,Netanya,0
289,825 ,5,13:23,12:42,1,12,2478,32273,Netanya,Tel Aviv,0
290,825 ,5,13:39,12:40,1,10,3558,32783,Tel Aviv,Netanya,0
291,825 138 ,5,13:17,12:42,2,10,2110,29677,Netanya,Tel Aviv,0
292,33 852 ,5,13:23,12:40,2,14,2633,28514,Tel Aviv,Netanya,0
293,8 852 ,5,13:23,12:40,2,12,2633,26978,Tel Aviv,Netanya,0
294,7א 921 ,5,13:27,12:34,2,10,3164,13226,Hadera,Ruppin Academic Center,0
295,826 ,5,13:44,12:57,1,13,2792,32273,Netanya,Tel Aviv,0
296,826 601 ,5,13:41,12:57,2,20,2594,32322,Netanya,Tel Aviv,0
297,826 ,5,17:08,16:33,1,13,2084,32273,Netanya,Tel Aviv,0
298,821 ,5,17:17,16:31,1,10,2753,13365,Hadera,Ruppin Academic Center,0
299,826 ,5,17:08,16:33,1,13,2084,32273,Netanya,Tel Aviv,0
300,821 ,5,17:17,16:31,1,10,2753,13365,Hadera,Ruppin Academic Center,0
301,921 ,5,17:27,16:41,1,10,2752,13365,Hadera,Ruppin Academic Center,0
302,921 852 ,5,17:26,16:32,2,10,3240,14034,Ruppin Academic Center,Hadera,0
303,852 ,5,17:12,16:30,1,17,2559,32804,Tel Aviv,Netanya,0
304,825 ,5,17:27,16:42,1,12,2660,32273,Netanya,Tel Aviv,0
305,921 ,5,17:27,16:41,1,10,2752,13365,Hadera,Ruppin Academic Center,0
306,921 825 ,5,17:35,16:32,2,16,3810,22191,Ruppin Academic Center,Hadera,0
307,852 ,5,17:27,16:45,1,17,2558,32804,Tel Aviv,Netanya,0
308,825 ,6,16:09,15:30,1,10,2360,32783,Tel Aviv,Netanya,0
309,852 ,5,17:40,16:59,1,19,2498,33043,Netanya,Tel Aviv,0
310,921 840 ,5,18:52,17:26,2,16,5144,22191,Ruppin Academic Center,Hadera,0
311,852 ,5,17:42,17:00,1,17,2558,32804,Tel Aviv,Netanya,0
312,74 921 ,0,10:48,09:45,2,17,3771,15839,Hadera,Ruppin Academic Center,0
313,852 ,0,10:29,09:41,1,19,2898,33049,Netanya,Tel Aviv,0
314,921 ,0,10:48,10:02,1,10,2813,13365,Hadera,Ruppin Academic Center,0
315,825 ,0,10:36,09:53,1,12,2573,32273,Netanya,Tel Aviv,0
316,852 49 ,0,10:20,09:41,2,12,2344,28077,Netanya,Tel Aviv,0
317,26 921 ,0,10:48,09:53,2,12,3288,14644,Hadera,Ruppin Academic Center,0
318,852 ,0,10:32,09:45,1,17,2823,32804,Tel Aviv,Netanya,0
319,852 8 ,0,10:20,09:41,2,14,2364,27551,Netanya,Tel Aviv,0
320,650 ,0,10:34,09:48,1,15,2817,32658,Tel Aviv,Netanya,0
321,49 825 ,0,10:22,09:50,2,8,1976,28382,Tel Aviv,Netanya,0
322,910 ,0,10:41,10:00,1,13,2519,32810,Tel Aviv,Netanya,0
323,821 ,0,10:30,09:43,1,9,2837,14258,Ruppin Academic Center,Hadera,0
324,821 7 ,0,10:33,09:43,2,14,3034,15093,Ruppin Academic Center,Hadera,0
325,821 79 ,0,10:29,09:43,2,9,2790,13294,Ruppin Academic Center,Hadera,0
326,undefined 41 ,0,10:45,09:47,2,6,3486,22062,Hadera,Ruppin Academic Center,0
327,705 729 ,0,10:51,09:59,2,25,3158,18859,Ruppin Academic Center,Hadera,0
328,825 ,0,13:21,12:40,1,10,2517,32785,Tel Aviv,Netanya,0
329,821 ,0,13:35,12:50,1,10,2703,13365,Hadera,Ruppin Academic Center,0
330,921 26 ,0,13:40,12:57,2,11,2616,13370,Hadera,Ruppin Academic Center,0
331,41 989 ,0,14:03,12:55,2,10,4094,24085,Ruppin Academic Center,Hadera,0
332,910 ,0,13:27,12:45,1,13,2528,32810,Tel Aviv,Netanya,0
333,836 26 ,0,13:50,12:43,2,19,4016,28123,Hadera,Ruppin Academic Center,0
334,910 ,0,13:02,12:40,1,14,1361,32282,Netanya,Tel Aviv,0
335,274 650 ,0,13:14,12:40,2,10,2051,27268,Tel Aviv,Netanya,0
336,921 79 ,0,13:29,12:46,2,9,2580,13287,Ruppin Academic Center,Hadera,0
337,921 74 ,0,13:34,12:46,2,10,2880,14256,Ruppin Academic Center,Hadera,0
338,137 10 650 ,0,13:14,12:40,3,7,2051,25621,Tel Aviv,Netanya,0
339,836 24 ,0,13:42,12:43,2,6,3534,23781,Hadera,Ruppin Academic Center,0
340,708 ,0,13:47,12:55,1,11,3102,14264,Ruppin Academic Center,Hadera,0
341,852 ,0,13:37,12:55,1,19,2564,33043,Netanya,Tel Aviv,0
342,825 49 ,0,13:20,12:49,2,8,1860,28062,Netanya,Tel Aviv,0
343,852 ,0,13:48,13:05,1,19,2627,33043,Netanya,Tel Aviv,0
344,650 271 ,0,17:00,16:13,2,14,2788,31197,Netanya,Tel Aviv,0
345,825 ,0,17:08,16:20,1,10,2923,32785,Tel Aviv,Netanya,0
346,650 ,0,17:11,16:20,1,15,3102,32658,Tel Aviv,Netanya,0
347,947 606 ,0,17:16,16:23,2,29,3166,32405,Netanya,Tel Aviv,0
348,49 825 ,0,16:46,16:10,2,8,2168,28382,Tel Aviv,Netanya,0
349,910 ,0,17:02,16:40,1,14,1361,32282,Netanya,Tel Aviv,0
350,650 49 ,0,17:00,16:13,2,6,2767,28062,Netanya,Tel Aviv,0
351,921 ,0,17:18,16:37,1,10,2514,13365,Hadera,Ruppin Academic Center,0
352,729 41 ,0,17:32,16:10,2,12,4892,24197,Hadera,Ruppin Academic Center,0
353,921 8 ,0,17:10,16:26,2,9,2614,13274,Ruppin Academic Center,Hadera,0
354,921 49 ,0,17:13,16:26,2,13,2778,15850,Ruppin Academic Center,Hadera,0
355,821 ,0,17:25,16:28,1,9,3423,14258,Ruppin Academic Center,Hadera,0
356,852 ,0,17:07,16:15,1,17,3123,32804,Tel Aviv,Netanya,0
357,26 undefined ,0,17:09,16:16,2,18,3159,26318,Ruppin Academic Center,Hadera,0
358,705 ,0,17:12,16:21,1,16,3111,15062,Hadera,Ruppin Academic Center,0
359,921 ,0,16:58,16:17,1,10,2514,13365,Hadera,Ruppin Academic Center,0
360,274 605 ,0,23:58,22:59,2,24,3589,27887,Tel Aviv,Netanya,0
361,852 ,1,00:13,23:30,1,17,2618,32804,Tel Aviv,Netanya,0
362,910 ,1,00:01,23:20,1,13,2519,32810,Tel Aviv,Netanya,0
363,910 ,1,00:25,23:40,1,14,2741,32282,Netanya,Tel Aviv,0
364,501 910 ,1,00:05,23:10,2,15,3316,32664,Tel Aviv,Netanya,0
365,840 ,1,00:05,23:30,1,12,2073,32280,Netanya,Tel Aviv,0
366,910 ,1,00:45,00:00,1,14,2741,32282,Netanya,Tel Aviv,0
367,921 840 ,1,00:15,23:17,2,16,3498,22191,Ruppin Academic Center,Hadera,0
368,840 ,1,00:05,23:30,1,12,2073,32280,Netanya,Tel Aviv,0
369,921 7 ,1,00:11,23:17,2,16,3243,15118,Ruppin Academic Center,Hadera,0
370,729 46 ,1,00:03,23:05,2,14,3444,25127,Hadera,Ruppin Academic Center,0
371,57 14א ,0,23:58,23:05,2,14,3182,14859,Ruppin Academic Center,Hadera,0
372,921 ,0,23:55,23:10,1,10,2693,13365,Hadera,Ruppin Academic Center,0
373,57 ,1,00:06,23:21,1,11,2697,13242,Hadera,Ruppin Academic Center,0
374,821 ,1,00:15,23:28,1,9,2827,14258,Ruppin Academic Center,Hadera,0
375,921 ,0,23:55,23:10,1,10,2693,13365,Hadera,Ruppin Academic Center,0
376,650 ,1,10:47,10:00,1,15,2828,32658,Tel Aviv,Netanya,0
377,274 825 ,1,10:44,10:00,2,10,2653,27249,Tel Aviv,Netanya,0
378,852 ,1,10:56,10:10,1,17,2816,32804,Tel Aviv,Netanya,0
379,826 ,1,11:00,10:09,1,13,3046,32269,Netanya,Tel Aviv,0
380,826 253 ,1,10:51,10:09,2,13,2512,29162,Netanya,Tel Aviv,0
381,852 253 ,1,10:50,10:14,2,14,2171,29163,Netanya,Tel Aviv,0
382,921 26 ,1,11:25,10:32,2,17,3222,17096,Hadera,Ruppin Academic Center,0
383,7 821 ,1,10:56,10:00,2,10,3405,13226,Hadera,Ruppin Academic Center,0
384,825 ,1,10:42,10:00,1,10,2566,32789,Tel Aviv,Netanya,0
385,921 ,1,10:48,10:02,1,10,2772,13365,Hadera,Ruppin Academic Center,0
386,705 729 ,1,10:52,09:59,2,25,3187,18859,Ruppin Academic Center,Hadera,0
387,705 22 ,1,11:04,09:59,2,17,3936,15329,Ruppin Academic Center,Hadera,0
388,57 7 ,1,10:54,10:05,2,9,2968,13280,Ruppin Academic Center,Hadera,0
389,705 7 ,1,10:44,09:59,2,16,2723,15187,Ruppin Academic Center,Hadera,0
390,821 ,1,10:56,10:06,1,11,2944,14889,Hadera,Ruppin Academic Center,0
391,605 ,1,11:05,10:00,1,32,3913,33057,Netanya,Tel Aviv,0
392,821 ,1,13:36,12:46,1,11,2966,14889,Hadera,Ruppin Academic Center,0
393,947 708 ,1,13:41,12:31,2,10,4179,23944,Hadera,Ruppin Academic Center,0
394,705 ,1,13:28,12:36,1,16,3122,15062,Hadera,Ruppin Academic Center,0
395,825 ,1,13:23,12:40,1,10,2594,32789,Tel Aviv,Netanya,0
396,501 825 ,1,13:25,12:35,2,11,3018,32659,Tel Aviv,Netanya,0
397,921 26 ,1,13:40,12:57,2,11,2613,13370,Hadera,Ruppin Academic Center,0
398,274 825 ,1,13:24,12:40,2,10,2681,27249,Tel Aviv,Netanya,0
399,501 852 ,1,13:26,12:35,2,18,3064,32667,Tel Aviv,Netanya,0
400,41 989 ,1,13:49,12:55,2,10,3248,24085,Ruppin Academic Center,Hadera,0
401,921 74 ,1,13:34,12:46,2,9,2880,13287,Ruppin Academic Center,Hadera,0
402,708 ,1,13:46,12:55,1,11,3057,14264,Ruppin Academic Center,Hadera,0
403,708 7 ,1,13:43,12:55,2,9,2881,13281,Ruppin Academic Center,Hadera,0
404,825 ,1,13:27,12:37,1,12,2947,32267,Netanya,Tel Aviv,0
405,826 ,1,13:27,12:39,1,13,2915,32269,Netanya,Tel Aviv,0
406,650 49 ,1,13:20,12:43,2,6,2167,28062,Netanya,Tel Aviv,0
407,605 ,1,13:45,12:40,1,32,3904,33057,Netanya,Tel Aviv,0
408,825 49 ,1,17:40,16:57,2,8,2527,28056,Netanya,Tel Aviv,0
409,821 ,1,17:36,16:46,1,11,2956,14889,Hadera,Ruppin Academic Center,0
410,57 ,1,17:31,16:46,1,11,2752,13242,Hadera,Ruppin Academic Center,0
411,921 852 ,1,17:49,16:51,2,17,3448,16953,Ruppin Academic Center,Hadera,0
412,825 ,1,17:51,16:57,1,12,3204,32267,Netanya,Tel Aviv,0
413,650 33 ,1,17:34,16:53,2,10,2425,28096,Netanya,Tel Aviv,0
414,921 49 ,1,17:42,16:51,2,9,3027,13436,Ruppin Academic Center,Hadera,0
415,921 ,1,17:43,16:57,1,10,2785,13365,Hadera,Ruppin Academic Center,0
416,605 49 ,1,17:40,16:45,2,24,3306,28823,Netanya,Tel Aviv,0
417,852 ,1,17:48,16:55,1,17,3233,32804,Tel Aviv,Netanya,0
418,821 ,1,18:19,17:28,1,9,3059,14258,Ruppin Academic Center,Hadera,0
419,852 ,1,17:38,16:45,1,17,3230,32804,Tel Aviv,Netanya,0
420,821 26 ,1,17:41,16:50,2,17,3088,17096,Hadera,Ruppin Academic Center,0
421,8 825 ,1,17:23,16:45,2,8,2338,26977,Tel Aviv,Netanya,0
422,921 11א ,1,17:56,16:51,2,18,3862,15957,Ruppin Academic Center,Hadera,0
423,910 ,1,17:39,16:50,1,13,2967,32810,Tel Aviv,Netanya,0
424,650 274 ,2,11:38,10:59,2,11,2300,31057,Netanya,Tel Aviv,0
425,921 ,2,11:48,11:02,1,10,2782,13365,Hadera,Ruppin Academic Center,0
426,821 ,2,11:41,10:51,1,11,2951,14889,Hadera,Ruppin Academic Center,0
427,921 729 ,2,12:13,11:16,2,18,3376,16953,Ruppin Academic Center,Hadera,0
428,852 ,2,11:49,11:04,1,19,2710,33049,Netanya,Tel Aviv,0
429,41 947 ,2,12:42,11:30,2,13,4314,25113,Ruppin Academic Center,Hadera,0
430,13א 921 ,2,11:49,10:55,2,10,3202,13226,Hadera,Ruppin Academic Center,0
431,852 ,2,11:40,10:55,1,17,2756,32804,Tel Aviv,Netanya,0
432,821 26 ,2,11:40,10:55,2,11,2725,13370,Hadera,Ruppin Academic Center,0
433,825 ,2,11:42,11:00,1,10,2542,32789,Tel Aviv,Netanya,0
434,650 ,2,11:41,10:59,1,17,2496,33060,Netanya,Tel Aviv,0
435,274 852 ,2,11:40,11:00,2,14,2443,27263,Tel Aviv,Netanya,0
436,650 ,2,11:45,11:00,1,15,2707,32661,Tel Aviv,Netanya,0
437,650 8 ,2,11:33,10:59,2,8,2014,27535,Netanya,Tel Aviv,0
438,921 74 ,2,12:04,11:16,2,9,2880,13287,Ruppin Academic Center,Hadera,0
439,821 ,2,12:16,11:28,1,9,2868,14258,Ruppin Academic Center,Hadera,0
440,51 921 ,2,16:18,15:32,2,11,2757,14032,Hadera,Ruppin Academic Center,0
441,41 825 ,2,16:28,15:26,2,9,3705,23484,Ruppin Academic Center,Hadera,0
442,821 27 ,2,16:21,15:28,2,15,3214,15672,Ruppin Academic Center,Hadera,0
443,729 705 ,2,16:29,15:30,2,14,3533,23943,Hadera,Ruppin Academic Center,0
444,41 undefined ,2,16:09,15:26,2,8,2529,21873,Ruppin Academic Center,Hadera,0
445,821 ,2,16:18,15:28,1,9,3020,14258,Ruppin Academic Center,Hadera,0
446,650 8 ,2,15:58,15:24,2,8,2020,27535,Netanya,Tel Aviv,0
447,650 49 ,2,16:00,15:24,2,6,2133,28062,Netanya,Tel Aviv,0
448,49 650 ,2,16:08,15:30,2,8,2315,28395,Tel Aviv,Netanya,0
449,825 ,2,16:19,15:40,1,10,2360,32789,Tel Aviv,Netanya,0
450,650 253 ,2,15:56,15:24,2,8,1914,29158,Netanya,Tel Aviv,0
451,910 ,2,16:02,15:40,1,14,1361,32282,Netanya,Tel Aviv,0
452,921 ,2,16:18,15:37,1,10,2514,13365,Hadera,Ruppin Academic Center,0
453,271 650 ,2,16:08,15:24,2,17,2675,31293,Tel Aviv,Netanya,0
454,8 650 ,2,16:08,15:28,2,8,2435,26987,Tel Aviv,Netanya,0
455,852 705 ,2,16:30,15:37,2,9,3201,22888,Hadera,Ruppin Academic Center,0
456,921 6 ,2,17:10,16:26,2,9,2611,13274,Ruppin Academic Center,Hadera,0
457,910 ,2,17:02,16:40,1,14,1361,32282,Netanya,Tel Aviv,0
458,852 ,2,17:35,16:48,1,19,2836,33049,Netanya,Tel Aviv,0
459,921 49 ,2,17:12,16:26,2,11,2727,14872,Ruppin Academic Center,Hadera,0
460,605 ,2,17:27,16:30,1,32,3429,33057,Netanya,Tel Aviv,0
461,921 7 ,2,17:13,16:26,2,16,2818,15118,Ruppin Academic Center,Hadera,0
462,852 ,2,17:35,16:48,1,19,2836,33049,Netanya,Tel Aviv,0
463,825 ,2,16:59,16:20,1,10,2360,32789,Tel Aviv,Netanya,0
464,825 ,2,17:19,16:40,1,10,2360,32789,Tel Aviv,Netanya,0
465,921 ,2,16:58,16:17,1,10,2514,13365,Hadera,Ruppin Academic Center,0
466,921 26 ,2,16:56,16:17,2,11,2385,13370,Hadera,Ruppin Academic Center,0
467,729 26 ,2,17:55,16:30,2,26,5044,29400,Hadera,Ruppin Academic Center,0
468,27 705 ,2,17:13,16:21,2,17,3090,14840,Hadera,Ruppin Academic Center,0
469,821 ,2,17:18,16:28,1,9,3008,14258,Ruppin Academic Center,Hadera,0
470,650 ,2,17:58,17:20,1,15,2339,32661,Tel Aviv,Netanya,0
471,825 ,2,17:39,17:00,1,10,2360,32789,Tel Aviv,Netanya,0
472,650 ,2,18:57,18:00,1,15,3436,32661,Tel Aviv,Netanya,0
473,825 ,2,18:39,18:00,1,10,2360,32789,Tel Aviv,Netanya,0
474,825 ,2,19:09,18:30,1,10,2360,32789,Tel Aviv,Netanya,0
475,921 26 ,2,18:45,17:57,2,11,2904,13370,Hadera,Ruppin Academic Center,0
476,921 ,2,18:58,18:17,1,10,2514,13365,Hadera,Ruppin Academic Center,0
477,921 ,2,18:38,17:57,1,10,2514,13365,Hadera,Ruppin Academic Center,0
478,501 852 ,2,18:55,17:55,2,18,3646,32667,Tel Aviv,Netanya,0
479,57 13 ,2,18:41,17:52,2,9,2972,13280,Ruppin Academic Center,Hadera,0
480,57 26 ,2,18:45,17:54,2,12,3092,14139,Hadera,Ruppin Academic Center,0
481,821 ,2,19:17,18:28,1,9,2940,14258,Ruppin Academic Center,Hadera,0
482,910 ,2,18:17,17:55,1,14,1361,32282,Netanya,Tel Aviv,0
483,650 ,2,18:37,17:56,1,17,2493,33060,Netanya,Tel Aviv,0
484,650 605 ,2,18:37,17:56,2,14,2464,32319,Netanya,Tel Aviv,0
485,650 59 ,2,18:33,17:56,2,9,2265,29396,Netanya,Tel Aviv,0
486,41 947 ,2,19:12,18:05,2,13,4014,25113,Ruppin Academic Center,Hadera,0
487,57 729 ,2,18:53,17:52,2,18,3657,16952,Ruppin Academic Center,Hadera,0
488,51 650 ,2,19:51,18:56,2,16,3304,32411,Tel Aviv,Netanya,0
489,825 ,2,19:39,19:00,1,10,2360,32789,Tel Aviv,Netanya,0
490,650 ,2,19:49,19:00,1,15,2954,32661,Tel Aviv,Netanya,0
491,921 13א ,2,19:45,18:51,2,18,3202,15989,Ruppin Academic Center,Hadera,0
492,921 7 ,2,19:41,18:51,2,18,2958,16101,Ruppin Academic Center,Hadera,0
493,852 ,2,19:54,19:05,1,17,2967,32804,Tel Aviv,Netanya,0
494,921 49 ,2,19:42,18:51,2,16,3027,17040,Ruppin Academic Center,Hadera,0
495,7 57 26 ,2,19:40,18:59,3,12,2456,13506,Hadera,Ruppin Academic Center,0
496,57 26 ,2,19:40,18:59,2,11,2482,13504,Hadera,Ruppin Academic Center,0
497,57 ,2,19:44,18:59,1,11,2737,13242,Hadera,Ruppin Academic Center,0
498,921 ,2,19:53,19:12,1,10,2514,13365,Hadera,Ruppin Academic Center,0
499,825 8 ,2,19:41,18:57,2,10,2634,27534,Netanya,Tel Aviv,0
500,910 ,2,19:32,19:10,1,14,1361,32282,Netanya,Tel Aviv,0
501,921 74 ,2,19:34,18:51,2,9,2580,13287,Ruppin Academic Center,Hadera,0
502,650 ,2,20:03,19:13,1,17,2959,33060,Netanya,Tel Aviv,0
503,605 ,2,19:57,19:00,1,32,3429,33057,Netanya,Tel Aviv,0
504,910 ,2,20:47,20:25,1,14,1361,32282,Netanya,Tel Aviv,0
505,821 ,2,20:35,19:50,1,10,2703,13365,Hadera,Ruppin Academic Center,0
506,825 8 ,2,20:42,19:57,2,10,2657,27534,Netanya,Tel Aviv,0
507,852 41 ,2,21:17,20:23,2,9,3217,24065,Hadera,Ruppin Academic Center,0
508,825 ,2,20:45,19:57,1,12,2826,32272,Netanya,Tel Aviv,0
509,49 852 ,2,20:31,19:50,2,12,2487,28387,Tel Aviv,Netanya,0
510,650 ,2,20:42,20:00,1,15,2563,32661,Tel Aviv,Netanya,0
511,57 729 ,2,20:52,19:55,2,18,3416,16952,Ruppin Academic Center,Hadera,0
512,947 601 ,2,20:42,19:47,2,28,3330,32420,Netanya,Tel Aviv,0
513,26 947 ,2,21:27,20:11,2,23,4554,29557,Ruppin Academic Center,Hadera,0
514,921 ,2,20:53,20:12,1,10,2514,13365,Hadera,Ruppin Academic Center,0
515,840 ,2,20:42,20:00,1,11,2579,32783,Tel Aviv,Netanya,0
516,910 ,2,20:51,20:10,1,13,2519,32810,Tel Aviv,Netanya,0
517,57 ,2,21:09,20:24,1,11,2748,13242,Hadera,Ruppin Academic Center,0
518,821 ,2,21:26,20:38,1,9,2878,14258,Ruppin Academic Center,Hadera,0
519,57 1 ,2,20:45,19:55,2,16,2994,15124,Ruppin Academic Center,Hadera,0
520,825 ,3,10:12,09:32,1,12,2436,32273,Netanya,Tel Aviv,0
521,705 729 ,3,10:52,09:59,2,25,3173,18859,Ruppin Academic Center,Hadera,0
522,947 705 ,3,10:27,09:31,2,12,3348,23938,Hadera,Ruppin Academic Center,0
523,821 ,3,10:31,09:43,1,9,2874,14258,Ruppin Academic Center,Hadera,0
524,57 ,3,10:25,09:39,1,11,2761,13242,Hadera,Ruppin Academic Center,0
525,57 729 ,3,10:32,09:35,2,18,3417,16952,Ruppin Academic Center,Hadera,0
526,729 705 ,3,10:28,09:30,2,12,3450,23020,Hadera,Ruppin Academic Center,0
527,825 ,3,10:12,09:32,1,12,2436,32273,Netanya,Tel Aviv,0
528,826 ,3,10:19,09:39,1,13,2438,32273,Netanya,Tel Aviv,0
529,49 852 ,3,10:04,09:30,2,12,2089,28387,Tel Aviv,Netanya,0
530,825 ,3,10:22,09:40,1,10,2546,32783,Tel Aviv,Netanya,0
531,650 ,3,10:26,09:36,1,15,3049,32658,Tel Aviv,Netanya,0
532,57 13 ,3,10:21,09:35,2,9,2790,13280,Ruppin Academic Center,Hadera,0
533,852 ,3,10:32,09:45,1,17,2835,32804,Tel Aviv,Netanya,0
534,826 705 ,3,10:28,09:29,2,9,3510,23178,Hadera,Ruppin Academic Center,0
535,45 650 ,3,10:20,09:30,2,20,3043,34117,Netanya,Tel Aviv,0
536,41 947 ,3,11:42,10:35,2,13,4014,25113,Ruppin Academic Center,Hadera,0
537,826 ,3,11:10,10:32,1,13,2303,32273,Netanya,Tel Aviv,0
538,826 ,3,11:10,10:32,1,13,2303,32273,Netanya,Tel Aviv,0
539,821 ,3,11:31,10:43,1,9,2869,14258,Ruppin Academic Center,Hadera,0
540,57 13 ,3,11:22,10:35,2,9,2818,13280,Ruppin Academic Center,Hadera,0
541,821 26 ,3,11:40,10:55,2,11,2727,13370,Hadera,Ruppin Academic Center,0
542,826 138 ,3,11:10,10:32,2,11,2294,29677,Netanya,Tel Aviv,0
543,8 650 ,3,11:14,10:32,2,8,2553,26983,Tel Aviv,Netanya,0
544,825 ,3,11:25,10:46,1,12,2363,32273,Netanya,Tel Aviv,0
545,852 ,3,11:21,10:35,1,17,2813,32804,Tel Aviv,Netanya,0
546,825 ,3,11:22,10:40,1,10,2563,32783,Tel Aviv,Netanya,0
547,705 ,3,11:27,10:36,1,16,3115,15062,Hadera,Ruppin Academic Center,0
548,41 980 ,3,11:27,10:35,2,9,3132,23484,Ruppin Academic Center,Hadera,0
549,27 921 ,3,11:34,10:42,2,11,3144,13143,Hadera,Ruppin Academic Center,0
550,921 ,3,11:34,10:47,1,10,2805,13365,Hadera,Ruppin Academic Center,0
551,600 825 ,3,11:23,10:35,2,12,2914,32660,Tel Aviv,Netanya,0
552,825 ,3,13:44,13:00,1,10,2675,32783,Tel Aviv,Netanya,0
553,274 825 ,3,13:26,12:40,2,10,2780,27244,Tel Aviv,Netanya,0
554,825 ,3,13:24,12:40,1,10,2667,32783,Tel Aviv,Netanya,0
555,921 ,3,13:30,12:43,1,10,2788,13365,Hadera,Ruppin Academic Center,0
556,825 ,3,13:24,12:44,1,12,2402,32273,Netanya,Tel Aviv,0
557,921 26 ,3,13:40,12:57,2,11,2618,13370,Hadera,Ruppin Academic Center,0
558,825 ,3,13:24,12:44,1,12,2402,32273,Netanya,Tel Aviv,0
559,910 ,3,13:20,12:40,1,14,2359,32282,Netanya,Tel Aviv,0
560,650 ,3,13:47,13:00,1,15,2855,32658,Tel Aviv,Netanya,0
561,921 ,2,23:48,23:07,1,10,2514,13365,Hadera,Ruppin Academic Center,0
562,910 ,3,13:20,12:40,1,14,2359,32282,Netanya,Tel Aviv,0
563,57 ,2,23:06,22:24,1,11,2569,13242,Hadera,Ruppin Academic Center,0
564,921 7 ,3,13:43,12:55,2,9,2921,13274,Ruppin Academic Center,Hadera,0
565,708 ,3,13:46,12:55,1,11,3064,14264,Ruppin Academic Center,Hadera,0
566,41 989 ,3,14:03,12:55,2,10,4094,24085,Ruppin Academic Center,Hadera,0
567,921 13 ,3,13:41,12:55,2,9,2801,13274,Ruppin Academic Center,Hadera,0
568,821 ,2,23:35,22:46,1,11,2889,14889,Hadera,Ruppin Academic Center,0
569,821 ,3,13:38,12:51,1,10,2789,13365,Hadera,Ruppin Academic Center,0
570,821 ,3,13:38,12:51,1,10,2789,13365,Hadera,Ruppin Academic Center,0
571,57 ,2,23:33,22:51,1,11,2569,13242,Hadera,Ruppin Academic Center,0
572,921 ,3,17:40,16:52,1,10,2871,13365,Hadera,Ruppin Academic Center,0
573,650 ,3,17:42,16:40,1,15,3771,32658,Tel Aviv,Netanya,0
574,51 57 ,3,17:33,16:40,2,12,3177,13908,Hadera,Ruppin Academic Center,0
575,821 22 ,3,17:30,16:37,2,10,3169,13423,Ruppin Academic Center,Hadera,0
576,57 ,3,17:32,16:46,1,11,2777,13242,Hadera,Ruppin Academic Center,0
577,921 79 ,3,17:34,16:47,2,9,2866,13287,Ruppin Academic Center,Hadera,0
578,821 74 ,3,17:24,16:37,2,9,2830,13294,Ruppin Academic Center,Hadera,0
579,821 ,3,17:27,16:37,1,9,3008,14258,Ruppin Academic Center,Hadera,0
580,852 ,3,17:47,16:45,1,17,3743,32804,Tel Aviv,Netanya,0
581,921 26 ,3,17:45,16:57,2,11,2914,13370,Hadera,Ruppin Academic Center,0
582,650 271 ,3,17:11,16:38,2,12,1993,29704,Netanya,Tel Aviv,0
583,825 ,3,17:39,16:40,1,10,3584,32783,Tel Aviv,Netanya,0
584,910 ,3,17:24,16:42,1,14,2505,32282,Netanya,Tel Aviv,0
585,650 ,3,17:21,16:38,1,17,2600,33060,Netanya,Tel Aviv,0
586,910 ,3,17:47,16:50,1,13,3468,32810,Tel Aviv,Netanya,0
587,650 8 ,3,17:13,16:38,2,8,2104,27535,Netanya,Tel Aviv,0
588,650 ,3,20:08,19:20,1,15,2927,32658,Tel Aviv,Netanya,0
589,921 26 ,3,20:32,19:42,2,17,3003,17102,Hadera,Ruppin Academic Center,0
590,51 825 ,3,20:18,19:25,2,12,3233,32404,Tel Aviv,Netanya,0
591,921 ,3,20:24,19:38,1,10,2779,13365,Hadera,Ruppin Academic Center,0
592,821 13 ,3,20:16,19:28,2,9,2897,13281,Ruppin Academic Center,Hadera,0
593,852 ,3,20:13,19:25,1,17,2893,32804,Tel Aviv,Netanya,0
594,921 ,3,20:24,19:38,1,10,2779,13365,Hadera,Ruppin Academic Center,0
595,57 49 ,3,20:22,19:35,2,9,2825,13442,Ruppin Academic Center,Hadera,0
596,27 921 ,3,20:24,19:21,2,11,3755,13143,Hadera,Ruppin Academic Center,0
597,41 947 ,3,20:40,19:35,2,13,3899,25113,Ruppin Academic Center,Hadera,0
598,826 8 ,3,19:57,19:18,2,11,2310,27536,Netanya,Tel Aviv,0
599,826 ,3,20:00,19:18,1,13,2489,32273,Netanya,Tel Aviv,0
600,910 ,3,20:14,19:30,1,13,2695,32810,Tel Aviv,Netanya,0
601,826 ,3,20:00,19:18,1,13,2489,32273,Netanya,Tel Aviv,0
602,826 49 ,3,20:00,19:18,2,9,2478,28062,Netanya,Tel Aviv,0
603,821 ,3,20:16,19:28,1,9,2909,14258,Ruppin Academic Center,Hadera,0
604,825 ,3,21:10,20:30,1,10,2408,32783,Tel Aviv,Netanya,0
605,910 ,3,21:06,20:25,1,13,2519,32810,Tel Aviv,Netanya,0
606,650 ,3,21:02,20:20,1,15,2561,32658,Tel Aviv,Netanya,0
607,501 910 ,3,21:09,20:20,2,17,2982,32671,Tel Aviv,Netanya,0
608,921 ,3,21:11,20:25,1,10,2733,13365,Hadera,Ruppin Academic Center,0.2
609,921 ,3,21:11,20:25,1,10,2733,13365,Hadera,Ruppin Academic Center,0.2
610,921 49 ,3,21:12,20:29,2,9,2572,13436,Ruppin Academic Center,Hadera,0.2
611,921 852 ,3,21:18,20:29,2,17,2917,16953,Ruppin Academic Center,Hadera,0.2
612,821 ,3,21:26,20:38,1,9,2872,14258,Ruppin Academic Center,Hadera,0.2
613,825 41 ,3,21:16,20:24,2,7,3126,23966,Hadera,Ruppin Academic Center,0.2
614,41 910 ,3,21:43,20:35,2,11,4074,23620,Ruppin Academic Center,Hadera,0.2
615,910 ,3,21:06,20:26,1,14,2358,32282,Netanya,Tel Aviv,0.2
616,910 ,3,21:06,20:26,1,14,2358,32282,Netanya,Tel Aviv,0.2
617,910 49 ,3,21:00,20:26,2,10,2001,28071,Netanya,Tel Aviv,0.2
618,57 ,3,21:09,20:24,1,11,2731,13242,Hadera,Ruppin Academic Center,0.2
619,825 ,3,21:14,20:35,1,12,2370,32273,Netanya,Tel Aviv,0.2
620,840 ,4,00:03,23:28,1,12,2080,32280,Netanya,Tel Aviv,1.06
621,910 ,4,00:14,23:40,1,14,2066,32282,Netanya,Tel Aviv,1.06
622,840 ,4,00:17,23:35,1,11,2579,32783,Tel Aviv,Netanya,1.06
623,271 852 ,4,00:15,23:30,2,21,2746,31285,Tel Aviv,Netanya,1.06
624,840 ,4,00:03,23:28,1,12,2080,32280,Netanya,Tel Aviv,1.06
625,910 ,4,00:14,23:40,1,14,2066,32282,Netanya,Tel Aviv,1.06
626,821 ,4,00:15,23:28,1,9,2819,14258,Ruppin Academic Center,Hadera,1.06
627,24 51 729 ,4,06:15,05:15,3,23,3616,22482,Ruppin Academic Center,Hadera,1.06
628,274 852 ,4,00:16,23:30,2,14,2793,27250,Tel Aviv,Netanya,1.06
629,57 ,4,00:35,23:51,1,11,2695,13242,Hadera,Ruppin Academic Center,1.06
630,57 26 ,4,00:36,23:32,2,16,3840,16510,Ruppin Academic Center,Hadera,1.06
631,7 57 ,4,00:37,23:22,2,12,4531,13372,Hadera,Ruppin Academic Center,1.06
632,980 41 ,4,05:43,01:02,2,7,16871,23973,Hadera,Ruppin Academic Center,1.06
633,821 ,4,01:00,00:13,1,9,2820,14258,Ruppin Academic Center,Hadera,1.06
634,910 233 921 ,4,00:45,23:28,3,8,4592,22912,Hadera,Ruppin Academic Center,1.06
635,852 ,4,00:13,23:30,1,17,2614,32804,Tel Aviv,Netanya,1.06
636,825 ,4,13:43,13:00,1,10,2615,32783,Tel Aviv,Netanya,1.16
637,821 ,4,13:40,12:54,1,10,2782,13365,Hadera,Ruppin Academic Center,1.16
638,921 13 ,4,13:42,12:55,2,9,2806,13274,Ruppin Academic Center,Hadera,1.16
639,826 8 ,4,13:36,12:59,2,11,2203,27531,Netanya,Tel Aviv,1.16
640,650 ,4,13:47,13:00,1,15,2856,32658,Tel Aviv,Netanya,1.16
641,826 ,4,13:39,12:59,1,13,2388,32269,Netanya,Tel Aviv,1.16
642,821 26 ,4,13:40,12:54,2,11,2761,13370,Hadera,Ruppin Academic Center,1.16
643,921 ,4,14:02,13:15,1,10,2782,13365,Hadera,Ruppin Academic Center,1.16
644,825 49 ,4,13:40,13:07,2,8,1959,28062,Netanya,Tel Aviv,1.16
645,708 7 ,4,13:48,12:55,2,16,3133,15099,Ruppin Academic Center,Hadera,1.16
646,708 ,4,13:47,12:55,1,11,3107,14264,Ruppin Academic Center,Hadera,1.16
647,41 989 ,4,14:03,12:57,2,10,3976,24085,Ruppin Academic Center,Hadera,1.16
648,274 825 ,4,13:44,13:00,2,10,2698,27257,Tel Aviv,Netanya,1.16
649,921 ,4,14:02,13:15,1,10,2782,13365,Hadera,Ruppin Academic Center,1.16
650,501 825 ,4,13:44,12:55,2,16,2983,32662,Tel Aviv,Netanya,1.16
651,825 ,4,13:47,13:07,1,12,2419,32273,Netanya,Tel Aviv,1.16
652,825 ,5,12:10,11:33,1,12,2269,32252,Netanya,Tel Aviv,0.5
653,821 7 ,5,12:31,11:38,2,14,3161,15093,Ruppin Academic Center,Hadera,0.5
654,910 ,5,12:35,11:50,1,13,2717,32810,Tel Aviv,Netanya,0.5
655,784 ,5,12:18,11:40,1,14,2302,32280,Netanya,Tel Aviv,0.5
656,825 ,5,12:24,11:40,1,10,2698,32791,Tel Aviv,Netanya,0.5
657,821 ,5,12:26,11:38,1,9,2904,14258,Ruppin Academic Center,Hadera,0.5
658,605 852 ,5,12:33,11:36,2,14,3426,32658,Tel Aviv,Netanya,0.5
659,274 825 ,5,12:27,11:40,2,10,2841,27265,Tel Aviv,Netanya,0.5
660,825 138 ,5,12:09,11:33,2,10,2218,29674,Netanya,Tel Aviv,0.5
661,60 921 ,5,12:28,11:35,2,13,3149,15469,Hadera,Ruppin Academic Center,0.5
662,57 22 ,5,12:22,11:32,2,10,3008,13422,Ruppin Academic Center,Hadera,0.5
663,921 ,5,12:28,11:42,1,10,2730,13365,Hadera,Ruppin Academic Center,0.5
664,821 ,5,12:29,11:38,1,11,3073,14889,Hadera,Ruppin Academic Center,0.5
665,57 13 ,5,12:22,11:32,2,9,2998,13280,Ruppin Academic Center,Hadera,0.5
666,57 ,5,12:32,11:46,1,11,2797,13242,Hadera,Ruppin Academic Center,0.5
667,910 ,5,12:22,11:43,1,14,2302,32282,Netanya,Tel Aviv,0.5
668,825 49 ,0,10:40,10:08,2,8,1898,28062,Netanya,Tel Aviv,0
669,49 650 ,0,10:46,10:10,2,8,2193,28392,Tel Aviv,Netanya,0
670,852 ,0,10:57,10:09,1,19,2885,33043,Netanya,Tel Aviv,0
671,137 575 650 ,0,10:46,10:10,3,6,2193,25621,Tel Aviv,Netanya,0
672,650 253 ,0,10:50,10:18,2,8,1957,29153,Netanya,Tel Aviv,0
673,821 ,0,10:57,10:06,1,11,3009,14889,Hadera,Ruppin Academic Center,0
674,137 575 910 ,0,10:42,10:10,3,10,1957,25623,Tel Aviv,Netanya,0
675,825 ,0,10:51,10:08,1,12,2598,32273,Netanya,Tel Aviv,0
676,921 ,0,11:19,10:32,1,10,2843,13365,Hadera,Ruppin Academic Center,0
677,705 74 ,0,10:49,10:09,2,16,2419,15200,Ruppin Academic Center,Hadera,0
678,852 ,0,10:57,10:10,1,17,2874,32804,Tel Aviv,Netanya,0
679,27 921 ,0,11:19,10:31,2,11,2847,13143,Hadera,Ruppin Academic Center,0
680,821 ,0,11:01,10:13,1,9,2876,14258,Ruppin Academic Center,Hadera,0
681,729 26 ,0,11:38,10:29,2,26,4155,29400,Hadera,Ruppin Academic Center,0
682,821 79 ,0,10:59,10:13,2,9,2790,13294,Ruppin Academic Center,Hadera,0
683,705 7 ,0,10:54,10:09,2,23,2694,17031,Ruppin Academic Center,Hadera,0
684,825 705 ,0,14:13,13:09,2,6,3869,22796,Hadera,Ruppin Academic Center,0
685,921 26 ,0,13:40,12:57,2,11,2609,13370,Hadera,Ruppin Academic Center,0
686,921 79 ,0,13:29,12:46,2,9,2580,13287,Ruppin Academic Center,Hadera,0
687,274 825 ,0,13:25,12:40,2,10,2707,27244,Tel Aviv,Netanya,0
688,821 ,0,13:35,12:50,1,10,2703,13365,Hadera,Ruppin Academic Center,0
689,921 ,0,13:58,13:17,1,10,2514,13365,Hadera,Ruppin Academic Center,0
690,137 575 650 ,0,13:11,12:40,3,6,1884,25624,Tel Aviv,Netanya,0
691,921 74 ,0,13:34,12:46,2,10,2880,14256,Ruppin Academic Center,Hadera,0
692,825 ,0,13:22,12:40,1,10,2575,32783,Tel Aviv,Netanya,0
693,41 947 ,0,14:13,12:55,2,13,4703,25113,Ruppin Academic Center,Hadera,0
694,910 ,0,13:27,12:45,1,13,2574,32810,Tel Aviv,Netanya,0
695,910 ,0,13:02,12:40,1,14,1361,32282,Netanya,Tel Aviv,0
696,825 ,0,13:27,12:46,1,12,2443,32273,Netanya,Tel Aviv,0
697,650 ,0,13:27,12:46,1,17,2501,33060,Netanya,Tel Aviv,0
698,852 ,0,13:50,13:06,1,19,2637,33043,Netanya,Tel Aviv,0
699,708 ,0,13:47,12:55,1,11,3097,14264,Ruppin Academic Center,Hadera,0
700,650 ,0,17:32,16:40,1,15,3153,32658,Tel Aviv,Netanya,0
701,51 57 ,0,17:32,16:39,2,12,3217,13908,Hadera,Ruppin Academic Center,0
702,57 ,0,17:31,16:46,1,11,2754,13242,Hadera,Ruppin Academic Center,0
703,825 ,0,17:29,16:40,1,10,2980,32783,Tel Aviv,Netanya,0
704,910 ,0,17:38,16:50,1,13,2894,32810,Tel Aviv,Netanya,0
705,729 26 ,0,17:55,16:43,2,26,4326,29400,Hadera,Ruppin Academic Center,0
706,57 74 ,0,17:44,17:05,2,9,2378,13293,Ruppin Academic Center,Hadera,0
707,921 ,0,17:18,16:37,1,10,2514,13365,Hadera,Ruppin Academic Center,0
708,921 68 ,0,17:34,16:51,2,9,2580,13287,Ruppin Academic Center,Hadera,0
709,910 ,0,17:02,16:40,1,14,1361,32282,Netanya,Tel Aviv,0
710,821 ,0,18:16,17:28,1,9,2904,14258,Ruppin Academic Center,Hadera,0
711,650 253 ,0,17:05,16:35,2,8,1802,29153,Netanya,Tel Aviv,0
712,825 ,0,17:23,16:42,1,12,2470,32273,Netanya,Tel Aviv,0
713,650 271 ,0,17:10,16:35,2,14,2056,31197,Netanya,Tel Aviv,0
714,921 49 ,0,17:42,16:51,2,11,3027,14872,Ruppin Academic Center,Hadera,0
715,852 ,0,17:37,16:45,1,17,3165,32804,Tel Aviv,Netanya,0
716,821 ,0,19:35,18:50,1,10,2703,13365,Hadera,Ruppin Academic Center,0
717,921 13א ,0,19:45,18:51,2,18,3192,15977,Ruppin Academic Center,Hadera,0
718,921 49 ,0,19:43,18:51,2,16,3075,17040,Ruppin Academic Center,Hadera,0
719,921 852 ,0,19:49,18:51,2,17,3427,16953,Ruppin Academic Center,Hadera,0
720,921 74 ,0,19:34,18:51,2,9,2580,13287,Ruppin Academic Center,Hadera,0
721,57 26 ,0,19:40,18:59,2,11,2483,13360,Hadera,Ruppin Academic Center,0
722,825 24 ,0,19:47,18:51,2,6,3360,23781,Hadera,Ruppin Academic Center,0
723,274 650 ,0,19:24,18:50,2,10,2068,27255,Tel Aviv,Netanya,0
724,49 650 ,0,19:24,18:50,2,8,2068,28392,Tel Aviv,Netanya,0
725,274 852 ,0,19:29,18:50,2,13,2363,26978,Tel Aviv,Netanya,0
726,825 ,0,19:43,19:00,1,10,2633,32783,Tel Aviv,Netanya,0
727,910 ,0,19:32,19:10,1,14,1361,32282,Netanya,Tel Aviv,0
728,821 26 ,0,19:40,18:50,2,11,3019,13370,Hadera,Ruppin Academic Center,0
729,650 ,0,20:03,19:13,1,17,2989,33060,Netanya,Tel Aviv,0
730,650 8 ,0,19:57,19:13,2,8,2640,27535,Netanya,Tel Aviv,0
731,825 271 ,0,19:40,19:01,2,14,2309,29704,Netanya,Tel Aviv,0
732,921 ,0,20:23,19:42,1,10,2514,13365,Hadera,Ruppin Academic Center,0
733,8 57 26 ,0,20:31,19:30,3,18,3695,17506,Hadera,Ruppin Academic Center,0
734,821 ,0,20:35,19:50,1,10,2703,13365,Hadera,Ruppin Academic Center,0
735,921 852 ,0,20:18,19:31,2,17,2800,16953,Ruppin Academic Center,Hadera,0
736,821 ,0,20:16,19:28,1,9,2887,14258,Ruppin Academic Center,Hadera,0
737,921 26 ,0,20:31,19:42,2,17,2997,17102,Hadera,Ruppin Academic Center,0
738,41 947 ,0,20:42,19:35,2,13,4014,25113,Ruppin Academic Center,Hadera,0
739,825 ,0,20:17,19:37,1,12,2390,32273,Netanya,Tel Aviv,0
740,825 ,0,20:17,19:37,1,12,2390,32273,Netanya,Tel Aviv,0
741,826 ,0,20:19,19:39,1,13,2438,32273,Netanya,Tel Aviv,0
742,826 8 ,0,20:17,19:39,2,11,2318,27536,Netanya,Tel Aviv,0
743,825 ,0,20:11,19:30,1,10,2464,32783,Tel Aviv,Netanya,0
744,921 13 ,0,20:16,19:31,2,9,2671,13274,Ruppin Academic Center,Hadera,0
745,8 852 ,0,20:10,19:27,2,12,2585,26978,Tel Aviv,Netanya,0
746,274 825 ,0,20:13,19:30,2,10,2618,27244,Tel Aviv,Netanya,0
747,650 ,0,20:23,19:40,1,15,2587,32658,Tel Aviv,Netanya,0
748,910 ,1,11:03,10:20,1,13,2590,32810,Tel Aviv,Netanya,0
749,852 ,1,10:57,10:10,1,17,2848,32804,Tel Aviv,Netanya,0
750,137 12 650 ,1,10:45,10:10,3,10,2110,26316,Tel Aviv,Netanya,0
751,825 ,1,10:48,10:09,1,12,2324,32273,Netanya,Tel Aviv,0
752,49 650 ,1,10:45,10:10,2,8,2110,28392,Tel Aviv,Netanya,0
753,825 ,1,11:04,10:25,1,12,2327,32273,Netanya,Tel Aviv,0
754,921 22 ,1,11:05,10:16,2,10,2886,13416,Ruppin Academic Center,Hadera,0
755,611 49 ,1,11:00,10:10,2,21,3006,29410,Netanya,Tel Aviv,0
756,821 ,1,11:31,10:43,1,9,2893,14258,Ruppin Academic Center,Hadera,0
757,921 74 ,1,11:04,10:16,2,9,2880,13287,Ruppin Academic Center,Hadera,0
758,41 947 ,1,11:42,10:35,2,13,4014,25113,Ruppin Academic Center,Hadera,0
759,821 ,1,10:56,10:10,1,10,2769,13365,Hadera,Ruppin Academic Center,0
760,650 253 ,1,10:50,10:17,2,8,2005,29152,Netanya,Tel Aviv,0
761,27 921 ,1,11:18,10:31,2,11,2778,13143,Hadera,Ruppin Academic Center,0
762,55 921 ,1,11:17,10:25,2,16,3161,15237,Hadera,Ruppin Academic Center,0
763,921 ,1,11:18,10:32,1,10,2774,13365,Hadera,Ruppin Academic Center,0
764,921 26 ,1,13:40,12:57,2,11,2617,13370,Hadera,Ruppin Academic Center,0
765,729 705 ,1,14:10,13:02,2,13,4088,23949,Hadera,Ruppin Academic Center,0
766,921 ,1,13:38,12:57,1,10,2514,13365,Hadera,Ruppin Academic Center,0
767,41 989 ,1,14:03,12:57,2,10,3952,24085,Ruppin Academic Center,Hadera,0
768,41 947 ,1,14:12,12:57,2,13,4472,25113,Ruppin Academic Center,Hadera,0
769,921 ,1,13:58,13:17,1,10,2514,13365,Hadera,Ruppin Academic Center,0
770,825 ,1,13:43,13:05,1,12,2296,32273,Netanya,Tel Aviv,0
771,41 825 ,1,13:48,12:57,2,9,3053,23484,Ruppin Academic Center,Hadera,0
772,825 49 ,1,13:40,13:05,2,8,2081,28062,Netanya,Tel Aviv,0
773,825 ,1,13:43,13:05,1,12,2296,32273,Netanya,Tel Aviv,0
774,826 ,1,13:49,13:09,1,13,2438,32273,Netanya,Tel Aviv,0
775,650 ,1,13:46,13:00,1,15,2798,32658,Tel Aviv,Netanya,0
776,825 ,1,13:39,13:00,1,10,2360,32783,Tel Aviv,Netanya,0
777,821 ,1,14:16,13:28,1,9,2878,14258,Ruppin Academic Center,Hadera,0
778,825 ,1,13:59,13:20,1,10,2360,32783,Tel Aviv,Netanya,0
779,8 825 ,1,13:39,13:02,2,8,2240,26972,Tel Aviv,Netanya,0
780,650 ,1,10:39,10:00,1,15,2399,32658,Tel Aviv,Netanya,0.27
781,274 852 ,1,10:36,10:00,2,14,2198,27250,Tel Aviv,Netanya,0.27
782,705 13 ,1,10:40,09:59,2,16,2492,15187,Ruppin Academic Center,Hadera,0.27
783,825 ,1,10:39,10:00,1,10,2340,32779,Tel Aviv,Netanya,0.27
784,705 729 ,1,10:50,09:59,2,25,3098,18859,Ruppin Academic Center,Hadera,0.27
785,57 729 ,1,10:50,10:05,2,18,2743,16952,Ruppin Academic Center,Hadera,0.27
786,921 26 ,1,10:38,10:02,2,11,2210,13370,Hadera,Ruppin Academic Center,0.27
787,57 74 ,1,10:49,10:05,2,9,2678,13293,Ruppin Academic Center,Hadera,0.27
788,821 ,1,10:55,10:10,1,10,2703,13365,Hadera,Ruppin Academic Center,0.27
789,11 650 ,1,10:38,10:00,2,13,2329,29006,Tel Aviv,Netanya,0.27
790,921 ,1,11:13,10:32,1,10,2514,13365,Hadera,Ruppin Academic Center,0.27
791,825 49 ,1,10:40,10:07,2,8,1975,28062,Netanya,Tel Aviv,0.27
792,826 ,1,10:49,10:09,1,13,2438,32273,Netanya,Tel Aviv,0.27
793,650 ,1,10:53,10:13,1,17,2400,33060,Netanya,Tel Aviv,0.27
794,825 8 ,1,10:39,10:07,2,10,1922,27536,Netanya,Tel Aviv,0.27
795,921 ,1,10:43,10:02,1,10,2514,13365,Hadera,Ruppin Academic Center,0.27
796,705 74 ,2,10:49,10:05,2,16,2686,15200,Ruppin Academic Center,Hadera,0
797,910 ,2,10:56,10:12,1,14,2616,32282,Netanya,Tel Aviv,0
798,826 ,2,10:49,10:09,1,13,2438,32273,Netanya,Tel Aviv,0
799,825 ,2,10:57,10:13,1,12,2650,32273,Netanya,Tel Aviv,0
800,650 253 ,2,10:50,10:15,2,8,2123,29157,Netanya,Tel Aviv,0
801,705 729 ,2,10:52,10:05,2,25,2816,18859,Ruppin Academic Center,Hadera,0
802,821 ,2,10:55,10:10,1,10,2703,13365,Hadera,Ruppin Academic Center,0
803,705 7 ,2,10:55,10:05,2,23,3026,17031,Ruppin Academic Center,Hadera,0
804,921 ,2,11:13,10:32,1,10,2514,13365,Hadera,Ruppin Academic Center,0
805,27 921 ,2,11:13,10:31,2,11,2518,13143,Hadera,Ruppin Academic Center,0
806,705 ,2,11:23,10:36,1,16,2822,15062,Hadera,Ruppin Academic Center,0
807,852 ,2,10:50,10:10,1,17,2451,32804,Tel Aviv,Netanya,0
808,825 ,2,10:59,10:20,1,10,2340,32779,Tel Aviv,Netanya,0
809,605 ,2,11:02,10:05,1,27,3467,33277,Tel Aviv,Netanya,0
810,501 910 ,2,11:01,10:15,2,15,2810,32672,Tel Aviv,Netanya,0
811,705 13א ,2,10:49,10:05,2,17,2649,15477,Ruppin Academic Center,Hadera,0
812,921 ,2,11:43,11:02,1,10,2514,13365,Hadera,Ruppin Academic Center,0
813,921 26 ,2,11:38,11:02,2,11,2210,13370,Hadera,Ruppin Academic Center,0
814,825 ,2,11:59,11:20,1,10,2340,32779,Tel Aviv,Netanya,0
815,650 ,2,12:09,11:30,1,15,2399,32658,Tel Aviv,Netanya,0
816,921 ,2,12:08,11:27,1,10,2514,13365,Hadera,Ruppin Academic Center,0
817,600 ,2,12:05,11:05,1,20,3619,34110,Tel Aviv,Netanya,0
818,729 41 ,2,12:13,11:16,2,13,3421,25178,Hadera,Ruppin Academic Center,0
819,852 49 ,2,11:40,11:06,2,12,1994,28071,Netanya,Tel Aviv,0
820,852 ,2,11:52,11:06,1,19,2749,33043,Netanya,Tel Aviv,0
821,826 ,2,11:49,11:09,1,13,2438,32273,Netanya,Tel Aviv,0
822,650 253 ,2,11:45,11:13,2,9,1920,29166,Netanya,Tel Aviv,0
823,26 947 ,2,12:02,11:05,2,23,3442,29573,Ruppin Academic Center,Hadera,0
824,921 79 ,2,11:59,11:16,2,9,2580,13287,Ruppin Academic Center,Hadera,0
825,852 ,2,12:05,11:25,1,17,2451,32804,Tel Aviv,Netanya,0
826,821 ,2,12:12,11:28,1,9,2654,14258,Ruppin Academic Center,Hadera,0
827,26 825 ,2,12:08,11:05,2,19,3789,27944,Ruppin Academic Center,Hadera,0
828,821 ,2,13:12,12:28,1,9,2654,14258,Ruppin Academic Center,Hadera,0
829,921 79 ,2,12:59,12:16,2,9,2580,13287,Ruppin Academic Center,Hadera,0
830,26 947 ,2,13:26,12:06,2,23,4838,29573,Ruppin Academic Center,Hadera,0
831,11 650 ,2,12:40,12:05,2,13,2102,29006,Tel Aviv,Netanya,0
832,705 7 ,2,12:53,12:05,2,15,2881,15176,Ruppin Academic Center,Hadera,0
833,825 ,2,12:59,12:20,1,10,2340,32779,Tel Aviv,Netanya,0
834,501 852 ,2,13:00,12:15,2,16,2751,32668,Tel Aviv,Netanya,0
835,921 ,2,13:08,12:27,1,10,2514,13365,Hadera,Ruppin Academic Center,0
836,825 47 821 ,2,13:10,12:09,3,11,3669,31855,Hadera,Ruppin Academic Center,0
837,705 ,2,13:23,12:36,1,16,2822,15062,Hadera,Ruppin Academic Center,0
838,729 26 ,2,13:38,12:31,2,25,4029,29402,Hadera,Ruppin Academic Center,0
839,825 ,2,12:47,12:08,1,12,2330,32273,Netanya,Tel Aviv,0
840,8 825 ,2,12:39,12:04,2,8,2100,26972,Tel Aviv,Netanya,0
841,825 49 ,2,12:40,12:08,2,8,1875,28062,Netanya,Tel Aviv,0
842,650 ,2,12:53,12:13,1,17,2400,33060,Netanya,Tel Aviv,0
843,826 ,2,12:49,12:09,1,13,2438,32273,Netanya,Tel Aviv,0
844,921 ,2,13:58,13:17,1,10,2514,13365,Hadera,Ruppin Academic Center,0
845,729 705 ,2,14:07,13:12,2,12,3306,23951,Hadera,Ruppin Academic Center,0
846,705 ,2,14:28,13:51,1,17,2253,15072,Hadera,Ruppin Academic Center,0
847,26 978 ,2,13:57,13:06,2,19,3067,27943,Ruppin Academic Center,Hadera,0
848,8 921 ,2,13:58,13:04,2,19,3247,15982,Hadera,Ruppin Academic Center,0
849,921 79 ,2,13:59,13:16,2,9,2580,13287,Ruppin Academic Center,Hadera,0
850,821 ,2,14:12,13:28,1,9,2654,14258,Ruppin Academic Center,Hadera,0
851,852 49 ,2,13:40,13:08,2,12,1883,28071,Netanya,Tel Aviv,0
852,826 ,2,13:49,13:09,1,13,2438,32273,Netanya,Tel Aviv,0
853,852 8 ,2,13:46,13:08,2,14,2263,27545,Netanya,Tel Aviv,0
854,650 ,2,13:53,13:13,1,17,2400,33060,Netanya,Tel Aviv,0
855,8 852 ,2,13:44,13:08,2,12,2189,26978,Tel Aviv,Netanya,0
856,501 852 ,2,14:00,13:15,2,16,2751,32668,Tel Aviv,Netanya,0
857,26 947 ,2,14:02,13:06,2,23,3391,29573,Ruppin Academic Center,Hadera,0
858,600 ,2,14:05,13:05,1,20,3619,34110,Tel Aviv,Netanya,0
859,825 ,2,13:59,13:20,1,10,2340,32779,Tel Aviv,Netanya,0
860,8 921 ,2,14:58,14:04,2,19,3247,15982,Hadera,Ruppin Academic Center,0
861,705 ,2,15:13,14:36,1,17,2253,15072,Hadera,Ruppin Academic Center,0
862,11 650 ,2,14:44,14:05,2,16,2382,31056,Tel Aviv,Netanya,0
863,729 705 ,2,15:37,14:50,2,13,2813,23945,Hadera,Ruppin Academic Center,0
864,49 650 ,2,14:44,14:10,2,8,2082,28392,Tel Aviv,Netanya,0
865,921 ,2,14:58,14:17,1,10,2514,13365,Hadera,Ruppin Academic Center,0
866,650 ,2,14:59,14:20,1,15,2399,32658,Tel Aviv,Netanya,0
867,825 ,2,14:42,14:03,1,12,2338,32273,Netanya,Tel Aviv,0
868,825 ,2,14:43,14:04,1,12,2335,32273,Netanya,Tel Aviv,0
869,825 253 ,2,14:35,14:03,2,12,1962,29166,Netanya,Tel Aviv,0
870,826 ,2,14:49,14:09,1,13,2438,32273,Netanya,Tel Aviv,0
871,705 825 ,2,14:48,14:05,2,8,2584,22144,Ruppin Academic Center,Hadera,0
872,705 947 ,2,15:03,14:05,2,12,3488,23773,Ruppin Academic Center,Hadera,0
873,921 79 ,2,14:59,14:16,2,9,2580,13287,Ruppin Academic Center,Hadera,0
874,825 ,2,14:59,14:20,1,10,2340,32779,Tel Aviv,Netanya,0
875,821 ,2,15:12,14:28,1,9,2654,14258,Ruppin Academic Center,Hadera,0
876,921 ,2,15:58,15:17,1,10,2514,13365,Hadera,Ruppin Academic Center,0
877,852 705 ,2,16:12,15:16,2,8,3364,22893,Hadera,Ruppin Academic Center,0
878,729 26 ,2,16:43,15:50,2,25,3173,29402,Hadera,Ruppin Academic Center,0
879,705 7 ,2,15:53,15:14,2,16,2374,15187,Ruppin Academic Center,Hadera,0
880,729 705 ,2,16:22,15:35,2,13,2820,23945,Hadera,Ruppin Academic Center,0
881,705 22 ,2,16:00,15:14,2,18,2774,16016,Ruppin Academic Center,Hadera,0
882,821 ,2,16:12,15:28,1,9,2654,14258,Ruppin Academic Center,Hadera,0
883,852 ,2,15:55,15:15,1,17,2451,32804,Tel Aviv,Netanya,0
884,825 ,2,15:59,15:20,1,10,2340,32779,Tel Aviv,Netanya,0
885,650 ,2,15:59,15:20,1,15,2399,32658,Tel Aviv,Netanya,0
886,274 852 ,2,15:55,15:20,2,14,2151,27250,Tel Aviv,Netanya,0
887,825 ,2,15:47,15:09,1,12,2326,32273,Netanya,Tel Aviv,0
888,826 ,2,15:49,15:09,1,13,2438,32273,Netanya,Tel Aviv,0
889,921 7 ,2,15:53,15:11,2,9,2521,13274,Ruppin Academic Center,Hadera,0
890,650 ,2,15:53,15:13,1,17,2400,33060,Netanya,Tel Aviv,0
891,825 49 ,2,15:40,15:09,2,8,1863,28062,Netanya,Tel Aviv,0
892,274 650 ,4,14:13,13:40,2,10,2001,27272,Tel Aviv,Netanya,0.98
893,8 825 ,4,14:19,13:44,2,8,2100,26985,Tel Aviv,Netanya,0.98
894,825 ,4,14:19,13:40,1,10,2340,32779,Tel Aviv,Netanya,0.98
895,137 575 650 ,4,14:13,13:40,3,6,2001,25627,Tel Aviv,Netanya,0.98
896,910 ,4,14:25,13:43,1,14,2529,32282,Netanya,Tel Aviv,0.98
897,650 49 ,4,14:20,13:49,2,6,1850,28063,Netanya,Tel Aviv,0.98
898,605 ,4,14:37,13:40,1,32,3429,33057,Netanya,Tel Aviv,0.98
899,705 947 ,4,14:56,14:05,2,12,3114,23748,Ruppin Academic Center,Hadera,0.98
900,921 68 ,4,14:34,13:49,2,9,2708,13287,Ruppin Academic Center,Hadera,0.98
901,705 825 ,4,14:48,14:05,2,8,2584,22109,Ruppin Academic Center,Hadera,0.98
902,821 ,4,15:12,14:28,1,9,2654,14258,Ruppin Academic Center,Hadera,0.98
903,705 ,4,14:28,13:51,1,17,2253,15072,Hadera,Ruppin Academic Center,0.98
904,826 ,4,14:19,13:39,1,13,2438,32269,Netanya,Tel Aviv,0.98
905,8 705 ,4,14:33,13:44,2,17,2912,15357,Hadera,Ruppin Academic Center,0.98
906,825 41 ,4,14:33,13:39,2,7,3213,23979,Hadera,Ruppin Academic Center,0.98
907,729 26 ,4,14:38,13:44,2,23,3275,28354,Hadera,Ruppin Academic Center,0.98
908,921 ,4,15:27,14:39,1,10,2869,13365,Hadera,Ruppin Academic Center,0.81
909,821 74 ,4,15:19,14:35,2,9,2693,13294,Ruppin Academic Center,Hadera,0.81
910,705 ,4,15:13,14:36,1,17,2253,15072,Hadera,Ruppin Academic Center,0.81
911,821 ,4,15:24,14:35,1,9,2963,14258,Ruppin Academic Center,Hadera,0.81
912,921 26 ,4,15:30,14:39,2,17,3087,17096,Hadera,Ruppin Academic Center,0.81
913,729 705 ,4,15:37,14:41,2,13,3367,23943,Hadera,Ruppin Academic Center,0.81
914,826 ,4,15:19,14:39,1,13,2438,32269,Netanya,Tel Aviv,0.81
915,705 947 ,4,15:36,14:50,2,12,2797,23748,Ruppin Academic Center,Hadera,0.81
916,826 ,4,15:23,14:42,1,13,2474,32269,Netanya,Tel Aviv,0.81
917,825 ,4,15:24,14:43,1,12,2484,32269,Netanya,Tel Aviv,0.81
918,910 ,4,15:26,14:44,1,14,2525,32282,Netanya,Tel Aviv,0.81
919,825 ,4,15:19,14:40,1,10,2340,32779,Tel Aviv,Netanya,0.81
920,705 825 ,4,15:28,14:50,2,8,2284,22109,Ruppin Academic Center,Hadera,0.81
921,11 910 ,4,15:14,14:35,2,16,2362,29005,Tel Aviv,Netanya,0.81
922,852 ,4,15:35,14:55,1,17,2451,32804,Tel Aviv,Netanya,0.81
923,650 ,4,15:19,14:40,1,15,2399,32661,Tel Aviv,Netanya,0.81
924,705 729 ,4,16:49,15:59,2,24,3038,18859,Ruppin Academic Center,Hadera,0.98
925,650 8 ,4,16:14,15:39,2,8,2071,27536,Netanya,Tel Aviv,0.98
926,650 271 ,4,16:15,15:39,2,12,2127,29705,Netanya,Tel Aviv,0.98
927,650 ,4,16:27,15:39,1,17,2856,33061,Netanya,Tel Aviv,0.98
928,650 49 ,4,16:20,15:39,2,6,2418,28063,Netanya,Tel Aviv,0.98
929,821 729 ,4,16:30,15:40,2,18,3003,16953,Ruppin Academic Center,Hadera,0.98
930,825 ,4,16:19,15:40,1,10,2340,32779,Tel Aviv,Netanya,0.98
931,650 ,4,16:19,15:40,1,15,2399,32661,Tel Aviv,Netanya,0.98
932,852 ,4,16:25,15:45,1,17,2451,32804,Tel Aviv,Netanya,0.98
933,836 705 ,4,16:22,15:38,2,7,2633,23037,Hadera,Ruppin Academic Center,0.98
934,921 ,4,16:25,15:37,1,10,2866,13365,Hadera,Ruppin Academic Center,0.98
935,51 921 ,4,16:25,15:36,2,11,2954,14031,Hadera,Ruppin Academic Center,0.98
936,729 26 ,4,16:43,15:42,2,25,3705,29276,Hadera,Ruppin Academic Center,0.98
937,910 ,4,16:16,15:35,1,13,2510,32805,Tel Aviv,Netanya,0.98
938,650 ,4,17:19,16:40,1,15,2399,32661,Tel Aviv,Netanya,0.67
939,821 74 ,4,17:24,16:39,2,9,2709,13294,Ruppin Academic Center,Hadera,0.67
940,825 ,4,17:19,16:40,1,10,2340,32779,Tel Aviv,Netanya,0.67
941,821 7 ,4,17:33,16:39,2,14,3246,15093,Ruppin Academic Center,Hadera,0.67
942,821 ,4,17:30,16:39,1,9,3061,14258,Ruppin Academic Center,Hadera,0.67
943,821 22 ,4,17:28,16:39,2,10,2930,13423,Ruppin Academic Center,Hadera,0.67
944,852 ,4,17:25,16:45,1,17,2451,32804,Tel Aviv,Netanya,0.67
945,274 825 ,4,17:12,16:35,2,10,2227,27257,Tel Aviv,Netanya,0.67
946,650 11 ,4,17:14,16:35,2,14,2365,30918,Netanya,Tel Aviv,0.67
947,650 253 ,4,17:15,16:35,2,8,2419,29158,Netanya,Tel Aviv,0.67
948,825 49 ,4,17:20,16:46,2,8,2041,28058,Netanya,Tel Aviv,0.67
949,921 ,4,17:25,16:37,1,10,2916,13365,Hadera,Ruppin Academic Center,0.67
950,784 ,4,17:16,16:35,1,14,2502,32280,Netanya,Tel Aviv,0.67
951,921 ,4,17:25,16:37,1,10,2916,13365,Hadera,Ruppin Academic Center,0.67
952,729 26 ,4,17:43,16:48,2,25,3330,29276,Hadera,Ruppin Academic Center,0.67
953,51 921 ,4,17:25,16:38,2,11,2867,14031,Hadera,Ruppin Academic Center,0.67
954,821 ,4,18:26,17:37,1,10,2916,13365,Hadera,Ruppin Academic Center,0.62
955,921 ,4,18:27,17:38,1,10,2916,13365,Hadera,Ruppin Academic Center,0.62
956,57 7 ,4,18:22,17:35,2,16,2830,15124,Ruppin Academic Center,Hadera,0.62
957,821 22 ,4,18:28,17:42,2,10,2794,13423,Ruppin Academic Center,Hadera,0.62
958,821 ,4,18:26,17:37,1,10,2916,13365,Hadera,Ruppin Academic Center,0.62
959,57 13 ,4,18:20,17:35,2,9,2737,13280,Ruppin Academic Center,Hadera,0.62
960,650 8 ,4,18:14,17:36,2,8,2298,27536,Netanya,Tel Aviv,0.62
961,947 26 ,4,18:43,17:36,2,24,4054,29270,Hadera,Ruppin Academic Center,0.62
962,825 ,4,18:27,17:38,1,12,2938,32269,Netanya,Tel Aviv,0.62
963,650 575 11 ,4,18:11,17:36,3,6,2132,25680,Netanya,Tel Aviv,0.62
964,825 ,4,18:19,17:40,1,10,2340,32779,Tel Aviv,Netanya,0.62
965,650 ,4,18:19,17:40,1,15,2399,32661,Tel Aviv,Netanya,0.62
966,852 ,4,18:25,17:45,1,17,2451,32804,Tel Aviv,Netanya,0.62
967,274 852 ,4,18:18,17:35,2,14,2609,27263,Tel Aviv,Netanya,0.62
968,650 ,4,18:25,17:36,1,17,2982,33061,Netanya,Tel Aviv,0.62
969,825 26 ,4,19:38,18:49,2,19,2992,28129,Hadera,Ruppin Academic Center,0.17
970,821 7 ,4,19:29,18:43,2,14,2789,15093,Ruppin Academic Center,Hadera,0.17
971,57 ,4,19:41,18:59,1,11,2569,13242,Hadera,Ruppin Academic Center,0.17
972,57 26 ,4,19:38,18:59,2,11,2389,13360,Hadera,Ruppin Academic Center,0.17
973,729 26 ,4,19:38,18:37,2,25,3670,29276,Hadera,Ruppin Academic Center,0.17
974,821 729 ,4,19:30,18:43,2,18,2855,16953,Ruppin Academic Center,Hadera,0.17
975,26 825 ,4,20:08,19:16,2,19,3108,27909,Ruppin Academic Center,Hadera,0.17
976,826 ,4,19:19,18:39,1,13,2438,32269,Netanya,Tel Aviv,0.17
977,650 ,4,19:23,18:43,1,17,2400,33061,Netanya,Tel Aviv,0.17
978,826 ,4,19:29,18:45,1,13,2621,32269,Netanya,Tel Aviv,0.17
979,825 ,4,19:19,18:40,1,10,2340,32779,Tel Aviv,Netanya,0.17
980,825 ,4,19:35,18:49,1,12,2747,32269,Netanya,Tel Aviv,0.17
981,921 7 ,4,19:23,18:40,2,9,2602,13274,Ruppin Academic Center,Hadera,0.17
982,852 ,4,19:25,18:45,1,17,2451,32804,Tel Aviv,Netanya,0.17
983,274 852 ,4,19:25,18:50,2,14,2151,27263,Tel Aviv,Netanya,0.17
984,650 ,4,19:19,18:40,1,15,2399,32661,Tel Aviv,Netanya,0.17
985,11 825 ,3,11:01,10:25,2,13,2190,28996,Tel Aviv,Netanya,0.21
986,650 ,3,11:09,10:30,1,15,2399,32661,Tel Aviv,Netanya,0.21
987,852 ,3,11:15,10:35,1,17,2451,32804,Tel Aviv,Netanya,0.21
988,825 ,3,11:19,10:40,1,10,2340,32781,Tel Aviv,Netanya,0.21
989,705 ,3,11:23,10:36,1,16,2822,15062,Hadera,Ruppin Academic Center,0.21
990,27 921 ,3,11:34,10:43,2,11,3101,13143,Hadera,Ruppin Academic Center,0.21
991,921 74 ,3,11:04,10:23,2,9,2503,13287,Ruppin Academic Center,Hadera,0.21
992,921 729 ,3,11:12,10:23,2,18,2983,16953,Ruppin Academic Center,Hadera,0.21
993,41 980 ,3,11:18,10:35,2,9,2618,23491,Ruppin Academic Center,Hadera,0.21
994,825 26 ,3,11:38,10:49,2,19,2992,28252,Hadera,Ruppin Academic Center,0.21
995,947 635 ,3,11:17,10:24,2,12,3168,32113,Netanya,Tel Aviv,0.21
996,825 ,3,11:13,10:29,1,12,2598,32273,Netanya,Tel Aviv,0.21
997,826 ,3,11:19,10:39,1,13,2438,32273,Netanya,Tel Aviv,0.21
998,41 947 ,3,11:26,10:35,2,13,3098,25088,Ruppin Academic Center,Hadera,0.21
999,852 704 ,3,11:22,10:26,2,12,3348,45149,Netanya,Tel Aviv,0.21
1000,947 705 ,3,11:27,10:30,2,11,3449,23943,Hadera,Ruppin Academic Center,0.21
