id,line,day,arrival,departure,buses,stops,time,distance,origin,destination,rain
1,921,5,17:13,16:31,1,10,2566,13531,Hadera,Ruppin Academic Center,0
2,821,5,17:13,16:28,1,10,2709,14478,Hadera,Ruppin Academic Center,0
3,947 921 ,5,17:08,16:19,2,8,2920,28149,Hadera,Ruppin Academic Center,0
4,921,5,17:13,16:31,1,10,2566,13531,Hadera,Ruppin Academic Center,0
5,921,5,16:33,15:51,1,10,2566,13531,Hadera,Ruppin Academic Center,0
6,821,0,7:54,6:53,1,10,3674,14478,Hadera,Ruppin Academic Center,0
7,705,0,7:58,7:06,1,17,3129,15072,Hadera,Ruppin Academic Center,0
8,921,0,7:52,6:56,1,10,3373,13531,Hadera,Ruppin Academic Center,0
9,947 24 ,0,7:38,6:44,2,9,3235,24840,Hadera,Ruppin Academic Center,0
10,921 26 ,0,8:56,8:01,2,17,3322,17261,Hadera,Ruppin Academic Center,0
11,705,0,8:34,7:51,1,17,2625,15072,Hadera,Ruppin Academic Center,0
12,947 705 ,0,8:07,7:29,2,10,2271,23849,Hadera,Ruppin Academic Center,0
13,821,0,8:58,8:03,1,10,3328,14478,Hadera,Ruppin Academic Center,0
14,705,0,9:19,8:36,1,17,2614,15072,Hadera,Ruppin Academic Center,0
15,921,0,9:19,8:31,1,10,2902,13531,Hadera,Ruppin Academic Center,0
16,710 705 ,0,9:05,8:16,2,11,2937,22967,Hadera,Ruppin Academic Center,0
17,51 705 ,0,9:19,8:27,2,17,3111,15247,Hadera,Ruppin Academic Center,0
18,61 921 ,0,13:08,12:26,2,11,2518,14032,Hadera,Ruppin Academic Center,0
19,821,0,13:23,12:38,1,10,2709,14478,Hadera,Ruppin Academic Center,0
20,921 26 ,0,13:26,12:26,2,17,3647,17261,Hadera,Ruppin Academic Center,0
21,921,0,13:08,12:26,1,10,2566,13531,Hadera,Ruppin Academic Center,0
22,27 821 ,0,14:23,13:38,2,10,2691,13018,Hadera,Ruppin Academic Center,0
23,821,0,14:23,13:38,1,10,2709,14478,Hadera,Ruppin Academic Center,0
24,921,0,14:18,13:36,1,10,2566,13531,Hadera,Ruppin Academic Center,0
25,27 921 ,0,14:18,13:38,2,11,2411,13135,Hadera,Ruppin Academic Center,0
26,947 26 ,0,18:54,17:52,2,22,3718,29306,Hadera,Ruppin Academic Center,0
27,8 921 ,0,18:58,18:04,2,19,3237,15982,Hadera,Ruppin Academic Center,0
28,921,0,18:58,18:16,1,10,2566,13531,Hadera,Ruppin Academic Center,0
29,947 41 ,0,18:47,17:52,2,8,3300,23727,Hadera,Ruppin Academic Center,0
30,980 24 ,0,19:47,18:48,2,6,3535,23781,Hadera,Ruppin Academic Center,0
31,57,0,19:45,18:59,1,11,2808,13242,Hadera,Ruppin Academic Center,0
32,710 24 ,0,19:47,18:48,2,12,3511,24881,Hadera,Ruppin Academic Center,0
33,710 41 ,0,19:55,18:48,2,13,3990,25123,Hadera,Ruppin Academic Center,0
34,705,1,7:54,7:06,1,17,2923,15072,Hadera,Ruppin Academic Center,0
35,729 705 ,1,8:01,7:05,2,12,3340,23020,Hadera,Ruppin Academic Center,0
36,undefined 24 ,1,7:38,6:45,2,5,3222,21877,Hadera,Ruppin Academic Center,0
37,921 705 ,1,7:45,6:56,2,11,2989,13421,Hadera,Ruppin Academic Center,0
38,13? 705 ,1,8:40,7:44,2,17,3390,14798,Hadera,Ruppin Academic Center,0
39,705,1,8:38,7:51,1,17,2876,15072,Hadera,Ruppin Academic Center,0
40,27 705 ,1,8:38,7:46,2,18,3121,14850,Hadera,Ruppin Academic Center,0
41,55 705 ,1,8:38,7:52,2,12,2748,14008,Hadera,Ruppin Academic Center,0
42,57,1,9:36,8:49,1,11,2851,13242,Hadera,Ruppin Academic Center,0
43,729 705 ,1,9:41,8:45,2,14,3356,23943,Hadera,Ruppin Academic Center,0
44,57 26 ,1,9:35,8:49,2,11,2801,13360,Hadera,Ruppin Academic Center,0
45,undefined 26 ,1,9:46,8:45,2,18,3677,26342,Hadera,Ruppin Academic Center,0
1018,821 26 ,3,11:40,10:55,2,11,2727,13370,Hadera,Ruppin Academic Center,0
1019,947 26 ,3,11:50,10:45,2,20,3877,28007,Hadera,Ruppin Academic Center,0
1020,921,3,12:09,11:16,1,10,3225,13531,Hadera,Ruppin Academic Center,0
1021,undefined 26 ,3,11:50,10:45,2,18,3956,26342,Hadera,Ruppin Academic Center,0
1022,undefined 26 ,3,12:51,11:45,2,18,3980,26342,Hadera,Ruppin Academic Center,0
1023,947 26 ,3,12:50,11:43,2,22,3992,29306,Hadera,Ruppin Academic Center,0
1024,921 26 ,3,12:40,11:56,2,11,2670,13535,Hadera,Ruppin Academic Center,0
1025,921,3,12:43,11:56,1,10,2854,13531,Hadera,Ruppin Academic Center,0
1026,921 26 ,3,16:45,15:58,2,11,2844,13535,Hadera,Ruppin Academic Center,0
1027,921,3,16:43,15:56,1,10,2866,13531,Hadera,Ruppin Academic Center,0
1028,921,3,16:48,15:58,1,10,2976,13531,Hadera,Ruppin Academic Center,0
1029,947 705 ,3,16:31,15:40,2,10,3081,23849,Hadera,Ruppin Academic Center,0
1030,921,3,16:23,15:33,1,10,2999,13531,Hadera,Ruppin Academic Center,0
1031,947 705 ,3,16:30,15:40,2,9,3023,23852,Hadera,Ruppin Academic Center,0
1032,undefined 131 705 ,3,16:26,15:18,3,7,4103,22197,Hadera,Ruppin Academic Center,0
1033,51 921 ,3,16:23,15:27,2,11,3343,14031,Hadera,Ruppin Academic Center,0
1034,710 24 ,4,7:24,6:28,2,10,3328,23957,Hadera,Ruppin Academic Center,0
1035,708,4,7:13,6:23,1,13,3011,14783,Hadera,Ruppin Academic Center,0
1036,921,4,7:17,6:30,1,10,2795,13531,Hadera,Ruppin Academic Center,0
1037,708,4,7:13,6:23,1,13,3011,14783,Hadera,Ruppin Academic Center,0
1038,705,4,8:35,7:51,1,17,2678,15072,Hadera,Ruppin Academic Center,0
1039,27 705 ,4,8:35,7:46,2,18,2923,14850,Hadera,Ruppin Academic Center,0
1040,821,4,8:14,7:27,1,10,2803,13365,Hadera,Ruppin Academic Center,0
1041,821,4,8:14,7:27,1,10,2803,13365,Hadera,Ruppin Academic Center,0
1042,51 705 ,4,9:19,8:27,2,17,3127,15247,Hadera,Ruppin Academic Center,0
1043,705,4,9:20,8:36,1,17,2670,15072,Hadera,Ruppin Academic Center,0
1044,729 705 ,4,9:42,8:45,2,14,3412,23943,Hadera,Ruppin Academic Center,0
1045,921,4,9:10,8:22,1,10,2895,13531,Hadera,Ruppin Academic Center,0
1046,729 705 ,4,10:30,9:30,2,12,3557,23020,Hadera,Ruppin Academic Center,0
1047,980 705 ,4,10:30,9:38,2,7,3091,22789,Hadera,Ruppin Academic Center,0
1048,947 705 ,4,10:29,9:41,2,10,2850,23846,Hadera,Ruppin Academic Center,0
1049,57,4,10:25,9:39,1,11,2778,13242,Hadera,Ruppin Academic Center,0
1050,55 705 ,4,11:27,10:25,2,22,3768,16938,Hadera,Ruppin Academic Center,0
1051,27 921 ,4,11:33,10:45,2,11,2887,13135,Hadera,Ruppin Academic Center,0
1052,729 26 ,4,11:49,10:30,2,26,4721,29400,Hadera,Ruppin Academic Center,0
1053,705,4,11:29,10:36,1,16,3188,15062,Hadera,Ruppin Academic Center,0
1054,852 41 ,4,12:18,11:21,2,9,3390,24059,Hadera,Ruppin Academic Center,0
1055,8 921 ,4,12:27,11:37,2,11,2999,13760,Hadera,Ruppin Academic Center,0
1056,729 26 ,4,12:49,11:30,2,26,4703,29400,Hadera,Ruppin Academic Center,0
1057,921,4,12:27,11:38,1,10,2947,13531,Hadera,Ruppin Academic Center,0
1058,8 921 ,4,13:33,12:37,2,11,3415,13760,Hadera,Ruppin Academic Center,0
1059,705,4,13:28,12:36,1,16,3139,15062,Hadera,Ruppin Academic Center,0
1060,947 26 ,4,13:49,12:39,2,22,4200,29303,Hadera,Ruppin Academic Center,0
1061,921,4,13:33,12:45,1,10,2927,13531,Hadera,Ruppin Academic Center,0
1062,27 921 ,4,14:20,13:35,2,11,2738,13135,Hadera,Ruppin Academic Center,0
1063,921,4,14:20,13:31,1,10,2943,13531,Hadera,Ruppin Academic Center,0
1064,27 705 ,4,14:35,13:35,2,18,3605,14850,Hadera,Ruppin Academic Center,0
1065,51 921 ,4,14:20,13:32,2,11,2922,14031,Hadera,Ruppin Academic Center,0
1066,1 705 ,4,15:21,14:29,2,17,3112,14933,Hadera,Ruppin Academic Center,0
1067,921 705 ,4,15:17,14:30,2,11,2784,13433,Hadera,Ruppin Academic Center,0
1068,947 705 ,4,15:46,14:41,2,10,3919,23846,Hadera,Ruppin Academic Center,0
1069,705,4,15:19,14:36,1,17,2631,15072,Hadera,Ruppin Academic Center,0
1070,51 921 ,4,16:23,15:27,2,11,3373,14031,Hadera,Ruppin Academic Center,0
1071,947 705 ,4,16:32,15:39,2,9,3139,23849,Hadera,Ruppin Academic Center,0
1072,921,4,16:24,15:36,1,10,2886,13531,Hadera,Ruppin Academic Center,0
1073,729 705 ,4,16:33,15:30,2,14,3738,23943,Hadera,Ruppin Academic Center,0
1074,705,4,17:13,16:21,1,16,3163,15062,Hadera,Ruppin Academic Center,0
1075,27 921 ,4,17:25,16:34,2,11,3029,13135,Hadera,Ruppin Academic Center,0
1076,921,4,17:14,16:23,1,10,3088,13531,Hadera,Ruppin Academic Center,0
1077,921,4,17:14,16:23,1,10,3088,13531,Hadera,Ruppin Academic Center,0
1078,825 705 ,4,18:18,17:17,2,6,3650,22796,Hadera,Ruppin Academic Center,0
1079,821,4,18:25,17:37,1,10,2885,13365,Hadera,Ruppin Academic Center,0
1080,57,4,18:10,17:24,1,11,2773,13242,Hadera,Ruppin Academic Center,0
1081,921,4,18:15,17:24,1,10,3060,13531,Hadera,Ruppin Academic Center,0
1082,263 57 ,5,0:51,23:28,2,18,4950,38411,Hadera,Ruppin Academic Center,0
1083,921,5,0:12,23:25,1,10,2846,13531,Hadera,Ruppin Academic Center,0
1084,57,5,0:36,23:51,1,11,2744,13242,Hadera,Ruppin Academic Center,0
1085,821,5,0:10,23:24,1,10,2743,13365,Hadera,Ruppin Academic Center,0
1086,836 705 ,0,12:51,11:58,2,6,3205,22796,Hadera,Ruppin Academic Center,0
1087,947 26 ,0,12:49,11:40,2,20,4176,27880,Hadera,Ruppin Academic Center,0
1088,921,0,12:38,11:56,1,10,2566,13531,Hadera,Ruppin Academic Center,0
1089,921 26 ,0,12:40,11:56,2,11,2673,13535,Hadera,Ruppin Academic Center,0
1090,825,0,12:58,12:16,1,12,2538,32272,Netanya,Tel Aviv,0
1091,undefined ,0,12:54,12:27,1,5,1620,27459,Netanya,Tel Aviv,0
1092,826,0,12:49,12:09,1,13,2438,32273,Netanya,Tel Aviv,0
1093,825 49 ,0,13:00,12:17,2,8,2527,28061,Netanya,Tel Aviv,0
1094,921,0,13:58,13:16,1,10,2566,13531,Hadera,Ruppin Academic Center,0
1095,undefined 26 ,0,13:49,12:45,2,18,3885,26219,Hadera,Ruppin Academic Center,0
1096,8 921 ,0,13:58,13:04,2,19,3237,15982,Hadera,Ruppin Academic Center,0
1097,921 26 ,0,13:40,12:56,2,11,2672,13535,Hadera,Ruppin Academic Center,0
1098,921,1,11:48,11:01,1,10,2854,13531,Hadera,Ruppin Academic Center,0
1099,undefined 26 ,1,11:50,10:45,2,18,3956,26342,Hadera,Ruppin Academic Center,0
1100,947 26 ,1,11:50,10:44,2,20,3928,28007,Hadera,Ruppin Academic Center,0
1101,821 26 ,1,11:40,10:55,2,11,2736,13370,Hadera,Ruppin Academic Center,0
1102,undefined 26 ,1,15:57,14:45,2,18,4346,26342,Hadera,Ruppin Academic Center,0
1103,921,1,15:58,15:16,1,10,2566,13531,Hadera,Ruppin Academic Center,0
1104,729 705 ,1,15:45,14:54,2,12,3062,23020,Hadera,Ruppin Academic Center,0
1105,8 921 ,1,15:58,15:04,2,19,3237,15982,Hadera,Ruppin Academic Center,0
1106,947 821 ,1,18:14,17:14,2,8,3547,28149,Hadera,Ruppin Academic Center,0
1107,921,1,17:58,17:16,1,10,2566,13531,Hadera,Ruppin Academic Center,0
1108,8 921 ,1,17:58,17:04,2,19,3237,15982,Hadera,Ruppin Academic Center,0
1109,57,1,18:10,17:24,1,11,2767,13242,Hadera,Ruppin Academic Center,0
1110,729 26 ,1,17:55,16:48,2,26,4021,29400,Hadera,Ruppin Academic Center,0
1111,8 921 ,1,17:58,17:04,2,19,3237,15982,Hadera,Ruppin Academic Center,0
1112,947 26 ,1,17:54,16:44,2,20,4178,28007,Hadera,Ruppin Academic Center,0
1113,921,1,17:58,17:16,1,10,2566,13531,Hadera,Ruppin Academic Center,0
1114,57,1,19:14,18:29,1,11,2752,13242,Hadera,Ruppin Academic Center,0
1115,921,1,19:23,18:41,1,10,2566,13531,Hadera,Ruppin Academic Center,0
1116,710 26 ,1,19:49,18:44,2,25,3868,29347,Hadera,Ruppin Academic Center,0
1117,51 921 ,1,19:23,18:31,2,11,3135,14032,Hadera,Ruppin Academic Center,0
1118,921,1,20:23,19:41,1,10,2566,13531,Hadera,Ruppin Academic Center,0
1119,57 26 ,1,20:31,19:39,2,17,3159,17096,Hadera,Ruppin Academic Center,0
1120,947 57 ,1,20:37,19:39,2,14,3422,39848,Hadera,Ruppin Academic Center,0
1121,821,1,20:35,19:50,1,10,2703,13365,Hadera,Ruppin Academic Center,0
1122,57,1,21:31,20:46,1,11,2754,13242,Hadera,Ruppin Academic Center,0
1123,57,1,21:09,20:24,1,11,2755,13242,Hadera,Ruppin Academic Center,0
1124,undefined 41 ,1,21:16,20:32,2,6,2640,22064,Hadera,Ruppin Academic Center,0
1125,921,1,21:33,20:51,1,10,2566,13531,Hadera,Ruppin Academic Center,0
1126,57,1,23:06,22:24,1,11,2569,13242,Hadera,Ruppin Academic Center,0
1127,821,1,22:35,21:50,1,10,2703,13365,Hadera,Ruppin Academic Center,0
1128,921,1,22:28,21:46,1,10,2566,13531,Hadera,Ruppin Academic Center,0
1129,57,1,22:09,21:24,1,11,2716,13242,Hadera,Ruppin Academic Center,0
1130,57,1,23:36,22:51,1,11,2737,13242,Hadera,Ruppin Academic Center,0
1131,821,1,23:35,22:50,1,10,2703,13365,Hadera,Ruppin Academic Center,0
1132,921,1,23:48,23:06,1,10,2566,13531,Hadera,Ruppin Academic Center,0
1133,57,1,23:09,22:24,1,11,2738,13242,Hadera,Ruppin Academic Center,0
1134,980 41 ,2,5:43,1:09,2,7,16462,23973,Hadera,Ruppin Academic Center,0
1135,57,2,0:36,23:51,1,11,2720,13242,Hadera,Ruppin Academic Center,0
1136,60 57 ,2,0:38,23:40,2,11,3475,13909,Hadera,Ruppin Academic Center,0
1137,910 233 921 ,2,0:45,23:28,3,8,4613,22912,Hadera,Ruppin Academic Center,0
1138,921,2,9:18,8:31,1,10,2870,13531,Hadera,Ruppin Academic Center,0
1139,13? 705 ,2,9:21,8:29,2,17,3126,14798,Hadera,Ruppin Academic Center,0
1140,729 705 ,2,9:44,8:45,2,14,3505,23943,Hadera,Ruppin Academic Center,0
1141,705,2,9:19,8:36,1,17,2618,15072,Hadera,Ruppin Academic Center,0
1142,729 705 ,2,10:31,9:30,2,12,3621,23020,Hadera,Ruppin Academic Center,0
1143,921,2,10:18,9:31,1,10,2879,13531,Hadera,Ruppin Academic Center,0
1144,821,2,10:21,9:31,1,11,2979,14889,Hadera,Ruppin Academic Center,0
1145,57,2,10:25,9:39,1,11,2760,13242,Hadera,Ruppin Academic Center,0
1146,729 26 ,2,11:50,10:30,2,26,4745,29400,Hadera,Ruppin Academic Center,0
1147,921,2,11:18,10:31,1,10,2868,13531,Hadera,Ruppin Academic Center,0
1148,27 921 ,2,11:18,10:31,2,11,2810,13135,Hadera,Ruppin Academic Center,0
1149,27 921 26 ,2,11:26,10:31,3,18,3294,16865,Hadera,Ruppin Academic Center,0
1150,undefined 26 ,2,11:50,10:45,2,18,3936,26342,Hadera,Ruppin Academic Center,0.83
1151,undefined 26 ,2,11:50,10:45,2,18,3936,26342,Hadera,Ruppin Academic Center,0.83
1152,729 705 ,2,12:50,11:50,2,13,3566,23949,Hadera,Ruppin Academic Center,1.04
1153,921 26 ,2,12:40,11:56,2,11,2671,13535,Hadera,Ruppin Academic Center,1.04
1154,undefined 26 ,2,12:50,11:45,2,18,3925,26342,Hadera,Ruppin Academic Center,1.04
1155,921,2,12:43,11:56,1,10,2848,13531,Hadera,Ruppin Academic Center,1.04
1156,705,2,13:28,12:36,1,16,3127,15062,Hadera,Ruppin Academic Center,0
1157,947 921 ,2,13:28,12:39,2,8,2920,28149,Hadera,Ruppin Academic Center,0
1158,undefined 26 ,2,13:49,12:45,2,18,3891,26342,Hadera,Ruppin Academic Center,0
1159,821,2,13:35,12:50,1,10,2703,13365,Hadera,Ruppin Academic Center,0
1160,729 705 ,2,15:37,14:50,2,14,2813,23943,Hadera,Ruppin Academic Center,0
1161,8 921 ,2,14:58,14:04,2,19,3237,15982,Hadera,Ruppin Academic Center,0
1162,921,2,14:58,14:16,1,10,2566,13531,Hadera,Ruppin Academic Center,0
1163,705,2,15:19,14:36,1,17,2585,15072,Hadera,Ruppin Academic Center,0
1164,947 26 ,4,14:47,13:54,2,20,3189,27883,Hadera,Ruppin Academic Center,0
1165,921,4,14:50,14:00,1,10,3004,13531,Hadera,Ruppin Academic Center,0
1166,705,4,14:37,13:55,1,17,2539,15072,Hadera,Ruppin Academic Center,0
1167,729 26 ,4,14:47,13:50,2,24,3420,28354,Hadera,Ruppin Academic Center,0
